work_id,title,fandom,trope,kudos,num_chapters,total_words,avg_words_per_chapter,total_comments,avg_comments_per_chapter,url,tags
17081900,Sex and the Art of Castle Maintenance,harry_potter,hurt_comfort,11979,1,15059,15059,20,20.0,https://archiveofourown.org/works/17081900,"Post-Second War with Voldemort, Hogwarts Eighth Year, Consent Issues, Implied/Referenced Character Death, Canon-Typical Violence, Enemies to Lovers, Tropes, Forced Proximity, Snark, Antagonism, Angry Sex, Hand Jobs, Blow Jobs, Anal Sex, Dirty Talk, Facials, First Time, Top Harry Potter, Bottom Draco Malfoy, Hurt/Comfort, War Trauma, Drinking, Matchmaking, Face-Fucking, H/D Erised 2018, Community: hd_erised, Mistletoe, Anal Fingering, Room of Requirement"
44399764,Like Real People Do,harry_potter,hurt_comfort,19438,3,36603,12201,60,20.0,https://archiveofourown.org/works/44399764,"Alternate Universe - Coffee Shops & Cafés, Alternate Universe - Muggle, Alternate Universe - Modern Setting, Raising Harry Potter, Disabled Remus Lupin, Epilepsy, Hurt/Comfort, Fluff, Implied/Referenced Child Abuse, Domestic Fluff, Mutual Pining, Grief/Mourning, Healthy Relationships, Seizures, Baby Harry, Chronic Illness, Chronic Pain, im very sorry but james and lily are in fact dead, Car Accidents, Falling In Love, Meet-Cute, Slow Burn, but like as slow burn as it can be in three chapters, which is not that slow, Good Parent Sirius Black, Desi Harry Potter"
44978518,Lead Me Into the Light,harry_potter,hurt_comfort,22563,2,17736,8868,40,20.0,https://archiveofourown.org/works/44978518,"Marauders Era (Harry Potter), Fluff, Angst, Mutual Pining, Gay Regulus Black, Everyone Is Gay, Fake/Pretend Relationship, Hurt/Comfort, Emotional Hurt/Comfort, Angst with a Happy Ending, Happy Ending, Pansexual James Potter, Enemies to Lovers, enemies is a loose term here, Love Confessions, Marauders, Alcohol, but in the average teenage drinking sense, toxic ex boyfriends, Jealous Regulus Black, Bad Decisions, but good outcomes, Idiots in Love, does it count as a pet name if its just regulus calling james an idiot?, Pet Names"
13125288,You open always (petal by petal),harry_potter,hurt_comfort,12579,6,65681,10947,120,20.0,https://archiveofourown.org/works/13125288,"Post War, Rent Boy!Draco, Down-And-Out!Draco, Grimmauld Place, House magic, Portraits, First Times, Antagonism, Hurt/Comfort, Coming Out, Pining, Angst, UST, Kissing, Frotting, Blow Jobs, Rimming, Intergluteal Sex, Anal Sex, Homophobic Slurs And Attitudes, Internalised Homophobia, Derogatory Attitudes To Sex Workers, Some Mentions Of Sadistic Violence, Brief Thoughts Of Sexual Activity With A Sleeping Partner, Rough Sex, Brief Mention Of Harry With A Woman (Past Relationship), Mentions Of Dubious Consent In Connection With Sex Work, Community: hd_erised, Inexperienced Harry, Top Harry Potter, House Elves, Masturbation"
36896740,wading in waist-high water,harry_potter,hurt_comfort,14849,9,82535,9171,180,20.0,https://archiveofourown.org/works/36896740,"famous! sirius, musician! sirius, phd student! remus, Alternate Universe - Modern Setting, Reality TV, Hurt/Comfort, crack but like emotional, Remus Disaster Lupin, the real treasure was the friends he made along the way, arthur is here for a good time not a long time, remus is the king of cardamom buns, the bun king, if you will, Alternate Universe - The Great British Bake Off Fusion, mcgonagall is everyone's favourite baking grandma, peter needs a hug and a cup of tea, in this tent we treat vegans with respect, dumbledore is basically paul hollywood chaos n all, arthur weasley's tea making prowess, Minor James Potter/Lily Evans Potter, this isn't a text fic, but it Does have text fic inclinations, Remus Lupin’s Hands, they are very horny (physically and emotionally), Anxious Remus Lupin, Light Smut, erotic dough kneading, Grief, Panic Attacks, Fluff"
50286298,second chances,harry_potter,hurt_comfort,14949,10,34484,3448,196,19.6,https://archiveofourown.org/works/50286298,"Age Regression/De-Aging, Implied/Referenced Child Abuse, Healing Inner Child, Black brother bonding, Sibling Bonding, everyone loves little regulus, Regulus Black is a sweetheart, didn't think i'd have to say this but no there is not any pedophilia?, love that i need to clarify that, Fluff and Angst, Happy Ending, Hurt/Comfort, Abusive Walburga Black, Child Abuse, regulus has a baby blanket because i said so, POV Sirius, POV James, pov regulus, slight smut at the end"
28864512,The Ordeal of Being Known,harry_potter,hurt_comfort,27532,14,146037,10431,280,20.0,https://archiveofourown.org/works/28864512,"Healer Draco Malfoy, Auror Harry Potter, Head Auror Ron Weasley, Healer Legilimens Draco Malfoy, Wizarding Politics (Harry Potter), Legilimency (Harry Potter), Harry Potter Epilogue What Epilogue | EWE, Fluff, Angst, Fluff and Angst, Hurt/Comfort, Implied/Referenced Child Abuse, Slow Burn, Albus Dumbledore Bashing, Magically Powerful Harry Potter, Digital Art, Department of Mysteries (Harry Potter), Ministry of Magic (Harry Potter), Magical Bonds, Implied/Referenced Abuse, Eventual Romance, Veritaserum"
32921029,Innocent Monsters,harry_potter,hurt_comfort,12550,12,50045,4170,240,20.0,https://archiveofourown.org/works/32921029,"Hogwarts Eighth Year, Fluff and Angst, Tooth-Rotting Fluff, POV Draco Malfoy, Muggle-born Slytherin Character, Hermione Granger is a Good Friend, Draco Malfoy Needs a Hug, Hermione Granger & Draco Malfoy Friendship, until it's not, Slow Burn, Implied/Referenced Child Abuse, Post-Traumatic Stress Disorder - PTSD, First Years with No Survival Instincs, Draco Malfoy Swears A Lot, Care of Magical Creatures, Erkling, put that thing back where it came from or so help me, vague monsters inc vibes, BAMF Andromeda Black Tonks, Hagrid is no help, Angst and Hurt/Comfort, HEA, Mama Duck Draco Malfoy, Implied/Referenced Torture, Mental Health Issues, Idiots in Love, Bad Acronyms R Fun"
12391806,where there's a will,harry_potter,hurt_comfort,15218,1,7855,7855,20,20.0,https://archiveofourown.org/works/12391806,"Hurt/Comfort, The Golden Trio, Trauma, teenagers dealing with the possibility of their own deaths, Not a death fic, will making, Angst, Canon Compliant, Anxiety, Gallows Humor"
14085165,"While I Was Fearing It, It Came",harry_potter,hurt_comfort,17059,1,5798,5798,20,20.0,https://archiveofourown.org/works/14085165,"Hurt/Comfort, Angst, Hogwarts Fifth Year, Book 5: Harry Potter and the Order of the Phoenix, Self-Harm, Implied/Referenced Self-Harm, Implied/Referenced Child Abuse, Abusive Dursley Family, Suicidal Thoughts, Implied/Referenced Suicide, Severus Snape Has a Heart, Lily Evans Potter & Severus Snape Friendship, Potions Class, understanding each other, Secrets Reveal, Mentor Severus Snape"
15783759,To Hurt and Heal,harry_potter,hurt_comfort,18534,1,21650,21650,20,20.0,https://archiveofourown.org/works/15783759,"Slow Burn, Pining, Hogwarts Eighth Year, Post-Canon, Pining Harry, Pining Draco Malfoy, Pining Harry Potter, Mutual Pining, Hogwarts Era, Hurt/Comfort, Angst with a Happy Ending, Fluff"
8770888,Mother May I,harry_potter,hurt_comfort,15415,11,43288,3935,220,20.0,https://archiveofourown.org/works/8770888,"Alternate Universe - Canon Divergence, Canonical Child Abuse, Family, Friendship, Hurt/Comfort, Family Drama, Racism, Racist Language, Seriously Warnings for Mary Lou Barebone, Legilimency, Self-Harm, Torture, Aftermath of Torture, Big Happy Suitcase Family, Do not repost, Don't copy to another site"
11678955,trapped in a blue haze,harry_potter,hurt_comfort,31784,1,5616,5616,20,20.0,https://archiveofourown.org/works/11678955,"Established Relationship, Dating, Falling In Love, Past Child Abuse, Implied/Referenced Child Abuse, Abusive Dursley Family, Smut, Porn With Plot, Explicit Sexual Content, Angst, Fluff and Angst, Hurt/Comfort, Emotional Hurt/Comfort, Cuddling & Snuggling, Domestic, Domestic Fluff, Draco Malfoy is Clueless About Muggle Things, Confessions, Food Issues, Post-War, Post-Hogwarts, Auror Harry Potter, Top Draco Malfoy, Bottom Harry Potter, POV Draco Malfoy, Character Study, Hurt Harry, Protective Draco, Complete, Explicit Language, Post-Deathly Hallows, Fluff, Fluff and Smut, One Shot, Abuse, Sexual Content, Whump, Anal Sex, First Time, Injury, Sickfic, Sick Harry, Abused Harry, Angsty Schmoop, Harry Potter Epilogue What Epilogue | EWE"
12922518,Things Worth Knowing,harry_potter,hurt_comfort,16136,10,164372,16437,200,20.0,https://archiveofourown.org/works/12922518,"First Time, Coming Out, Blowjobs, Sex Pollen, House Rivalries, Dark Arts, Potions, New teachers, Post-War Relations, Angst, Hurt/Comfort, Dramatic Gestures, Rule Flouting And Breaking, Frenemies with Benefits, Slow Burn, Magic, Discussion Of Learning Disability, Major Parental Injury, Offscreen Prison Violence, Onscreen Homophobic Comments, Realistic Internalised Homophobia, Anti-Slytherin Bias, Post-War Trauma, Nightmares, Grief, Hogwarts Eighth Year, Community: hd_erised, Fights, Intercrural Sex, Hand Jobs, Canon-Typical Violence, Bisexuality, Coming Out as Bisexual, Accepting one's sexuality, Canon het relationship morphing into bisexual awakening, Bisexual Harry Potter, explicit mentions of past Harry/Ginny sexual encounters as part of a bisexual coming out narrative"
15260055,Vellum Voices,harry_potter,hurt_comfort,16939,3,16487,5496,59,19.7,https://archiveofourown.org/works/15260055,"Book 5: Harry Potter and the Order of the Phoenix, Alternate Universe - Canon Divergence, Angst, Torture, Minor Character Death, Parseltongue, Hurt/Comfort"
15275916,"there will come a time, you'll see",harry_potter,hurt_comfort,13173,1,10757,10757,20,20.0,https://archiveofourown.org/works/15275916,"Fluff, Hurt/Comfort, Trauma, Post-Traumatic Stress Disorder - PTSD, mentions of bi harry, Golden Trio, Future Fic, Post-Canon, Age Regression/De-Aging, Platonic Bed Sharing"
16052816,Away Childish Things,harry_potter,hurt_comfort,60215,13,154292,11869,260,20.0,https://archiveofourown.org/works/16052816,"Age Regression/De-Aging, Past Child Abuse, Past Malnutrition, Past Neglect, Past Touch Deprivation, Dyslexia, Eating Disorders, Verbal Abuse, Internalized Homophobia, Homophobia, Biphobia, Homophobic Slurs, Pure-blood Bigotry, Pure-blood Slurs, Crying, Grief/Mourning, Off-screen death of a secondary character, the Death is an Implied Suicide, Mommy Issues, Daddy Issues, Toxic Masculinity, Long Hair, Emotional Dysfunction, Age Difference, Blood, Bodyswap (kind of), Love Potion/Spell, Potions Accident, Family, Hurt/Comfort, heavy on the comfort, Endearments, Bacon, salad"
48296950,Little Lamb Gone to Slaughter,harry_potter,hurt_comfort,12876,15,89414,5961,295,19.7,https://archiveofourown.org/works/48296950,"Alternate Universe - Canon Divergence, Angst and Hurt/Comfort, Hurt Harry Potter, Suicidal Harry Potter, POV Harry Potter, Morally Grey Harry Potter, It Gets Worse Before It Gets Better, Book 4: Harry Potter and the Goblet of Fire, Canon Rewrite, Traumatized Harry Potter, Harry Potter Has PTSD, Sarcastic Harry Potter, Manipulative Albus Dumbledore, Good Slytherins, Harry Potter is a Horcrux, Parselmouths & Parseltongue (Harry Potter), Sane Voldemort (Harry Potter), Slow Burn, BAMF House-Elves (Harry Potter), Animagus Harry Potter, Animagus Draco Malfoy, Smart Draco Malfoy, Magically Powerful Harry Potter, Magically Powerful Draco Malfoy, Cedric Diggory Lives"
10460622,"Balance, Imperfect",harry_potter,hurt_comfort,15391,10,90794,9079,200,20.0,https://archiveofourown.org/works/10460622,"Physical Disability, Angst, Healing, Hurt/Comfort, Healer Draco Malfoy, Depression, Longing, Domesticity, dubious medical ethics, Romance, Post-War, HP: EWE, Anal Fingering, Anal Sex, Oral Sex, Rimming, Complete, Dating, Falling In Love, Disability"
27453043,Harry Potter and the Immortal's Playground,harry_potter,hurt_comfort,18696,10,24846,2485,192,19.2,https://archiveofourown.org/works/27453043,"Master of Death Harry Potter, Magically Powerful Harry Potter, Post-Traumatic Stress Disorder - PTSD, Panic Attacks, Hurt/Comfort, Angst, Post-snap, A bit sad, People tell me the teacup deserves a name, anthropomorphic inanimate objects, several unsuccessful suicides but such is the nature of being the master of death, potentially triggering to folks struggling to live, I've been there so stay safe y'all, but Harry literally can't die, Or even turn into the moon, Though then Tony could tell Thor ""That's rough buddy"", father-teacup relationship, Self-Indulgent, Crack Treated Seriously, Crack, Crossover, Crossover Pairings, Crack Crossover"
11036913,If stars died of old age,harry_potter,hurt_comfort,13282,1,5125,5125,20,20.0,https://archiveofourown.org/works/11036913,"Veela Draco Malfoy, Breaking Up & Making Up, Sickfic, Angst, Emotional Hurt/Comfort, Angst with a Happy Ending"
31787320,Love from Scars,harry_potter,hurt_comfort,13022,6,20203,3367,120,20.0,https://archiveofourown.org/works/31787320,"harry is a hero, Fluff, These Heroes Deserve to be Happy, Harry Potter is a Little Shit, Aizawa Shouta | Eraserhead Loves His Students, Aizawa Shouta is a Chaos Gremlin, Hurt/Comfort"
14976980,Of Bookshelves and Baby Carriers,harry_potter,hurt_comfort,12862,5,11934,2387,100,20.0,https://archiveofourown.org/works/14976980,"Alternate Universe - Muggle, Alternate Universe - Modern Setting, Raising Harry Potter, Hurt/Comfort, Fluff, Community: HPFT, Chronically Ill Remus Lupin, Remus Lupin Has Self-Esteem Issues"
32700394,The Watergaw,harry_potter,hurt_comfort,15936,10,39987,3999,197,19.7,https://archiveofourown.org/works/32700394,"Enemies to Friends to Lovers, Stranded, Magical Accidents, Banter, Hurt/Comfort, Huddling For Warmth, Explicit Sexual Content, Scotland, Virgin Draco Malfoy, lots of swears, Slow Burn, Bad Wine, just a couple sapiosexuals roaming the countryside"
27875561,words upon my skin,harry_potter,hurt_comfort,15306,1,13385,13385,20,20.0,https://archiveofourown.org/works/27875561,"Alternate Universe - Soulmates, Soulmate-Identifying Marks, Fluff, Angst, Implied/Referenced Child Abuse, Good Regulus Black, Regulus Black Deserves Better, Sirius Black is a Good Sibling, Gay Regulus Black, Bisexual James Potter, Gay Sirius Black, Soulmates, Short Regulus Black, i'm making that a thing, Height Differences, Indian James Potter, POC James Potter, Marauders Era (Harry Potter), Regulus Black is a Good Sibling, Regulus Black Lives, James Potter Lives, Asexual Peter Pettigrew, Walburga Black's A+ Parenting, Pretty Regulus Black, i'm making that a thing too!, soulmate words, Hurt/Comfort"
17732855,The Source of Grief,harry_potter,hurt_comfort,30342,2,14858,7429,31,15.5,https://archiveofourown.org/works/17732855,"Time Travel, Time Travel Fix-It, Time Travelling Harry Potter, BAMF Harry Potter, Powerful Harry Potter, kicking names taking ass, HE'S HERE TO FIX EVERYONE'S PROBLEMS, Horcrux Destruction, Identity Porn, Angst, Hurt/Comfort, Found Family, FUCK peter pettigrew, Regulus Black Feels, he's not in this but there are still RAB feels, Sirius Black Free from Azkaban, Good Narcissa Black Malfoy, Hints of Snarry if you squint, Protective Remus Lupin, Minor Sirius Black/Remus Lupin"
20551733,A Big Black Sky,harry_potter,hurt_comfort,25741,13,90484,6960,260,20.0,https://archiveofourown.org/works/20551733,"Parent Draco Malfoy, Parent Harry Potter, Abusive Relationships, Domestic Violence, Child Abuse, Homelessness, Angst with a Happy Ending, Eventual Fluff, Domestic Fluff, Hurt/Comfort, dark themes, The Ministry of Magic (Harry Potter) is Terrible, Happy Ending, Harry Potter Needs a Hug, Draco Malfoy Needs a Hug, Harry Potter Raises Teddy Lupin, Everyone Needs A Hug, Tooth-Rotting Fluff, Slow Burn, Pining Draco Malfoy, But it's very very subtle and repressed, Panic Attacks, Protective Harry Potter, Falling In Love, Smitten Harry Potter, Mutual Pining, Alternate Universe - Canon Divergence, Harry Potter Epilogue What Epilogue | EWE, Down and Out Draco Malfoy, Fluff and Hurt/Comfort, Angst and Romance, Kid Fic, Post Mpreg, Implied/Referenced Rape/Non-con"
8169415,Two Weeks,harry_potter,hurt_comfort,24371,1,21961,21961,20,20.0,https://archiveofourown.org/works/8169415,"Pining, Auror Partners, Auror Harry Potter, Auror Draco Malfoy, Friends to Lovers, Hurt/Comfort, Romance, First Time, Anal Sex, Masturbation, Phone Sex, Bottom Harry Potter, Top Draco Malfoy, Veela, Veela Harry Potter, Creature Fic, Muggle Technology"
23168287,disguised as something else,harry_potter,hurt_comfort,15642,1,3114,3114,20,20.0,https://archiveofourown.org/works/23168287,"Past Child Abuse, Child Neglect, Alternate Universe - Everyone Lives/Nobody Dies, AU where the war ends early and sirius and remus gain custody over harry, Hurt/Comfort, Childhood Trauma, Golden Trio"
7950793,The Dark Guardian,harry_potter,hurt_comfort,12277,6,25126,4188,83,13.8,https://archiveofourown.org/works/7950793,"Alternate Universe - Canon Divergence, Crossovers & Fandom Fusions, Slytherin Harry Potter, No Voldemort, he's not coming back this time around, Protective Severus Snape, Protective Pitch Black, Mentor Severus Snape, Severus Snape Adopts Harry Potter, Child Abuse, Slice of Life, Parseltongue, Humor, Banter, Snowball Fight, Fluff, Protective Jack Frost (Guardians of Childhood), Blizzard of '68, Emotional Hurt/Comfort, ASL, Halloween, Father's Day, Families of Choice, Don't copy to another site"
21715060,Ink (My Skin With Your Name),harry_potter,slow_burn,10355,1,22091,22091,20,20.0,https://archiveofourown.org/works/21715060,"Alternate Universe - Tattoos, Tattooed Draco Malfoy, Angst, Slow Burn, Slightly Oblivious Draco, A lot of character exploration as always, Self-Hatred, Mentions of PTSD, Happy Ending, Harry Potter Epilogue What Epilogue | EWE, Tattooed Harry Potter, Trauma, No Smut"
56119057,The Gallows,harry_potter,slow_burn,21862,23,47421,2062,455,19.8,https://archiveofourown.org/works/56119057,"Angst, Heavy Angst, Hurt/Comfort, Angst and Hurt/Comfort, Found Family, Draco Malfoy Has Long Hair, references to execution, Traumatized Draco Malfoy, Broken Draco Malfoy, Post-Battle of Hogwarts, Draco Malfoy in Azkaban, Hermione is trying her best, marriage law, Slytherins adopt Hermone, Good Slytherins, Trauma, Unresolved Trauma, Agoraphobia, Suicidal Ideation, Suicidal Thoughts, Discussions of Suicide, Illusions to starvation, discussions of torture, Aftermath of Torture, Imprisonment, Discussions of Death, Psychological Trauma, Grief, Implied/Referenced Self-Harm, Discussions of grief, PTSD, Post-Traumatic Stress Disorder - PTSD, This one is gonna hurt, No Pregnancy, Explicit Sexual Content, like... eventually, Post-War Trauma, Slow Burn, Pansy Parkinson is a Menace, Pretty much everyone is queer, Sassy Theo Nott, Maybe book an appointment with your therapist after this one, Eventual HEA, But you're going to work for it, DO NOT PUT ON GOODREADS, Complete"
3171550,Running on Air,harry_potter,slow_burn,70005,17,75962,4468,340,20.0,https://archiveofourown.org/works/3171550,"Mystery, Drama, Friendship, Slow Burn, Romance"
40944369,In These Silent Days,harry_potter,slow_burn,16090,14,66935,4781,280,20.0,https://archiveofourown.org/works/40944369,"Harry Potter Epilogue What Epilogue | EWE, Not Epilogue Compliant, Post-War, Forced Marriage, marriage law, Strangers to Lovers, Flower Language, Romance, Angst, Angst with a Happy Ending, Slow Burn, Ministry of Magic (Harry Potter), Ministry of Magic Employee Hermione Granger, POV Hermione Granger, Panic Attacks, Explicit Language, Explicit Sexual Content, Art, NSFW Art"
9065263,Written on the Heart,harry_potter,slow_burn,41598,20,116819,5841,398,19.9,https://archiveofourown.org/works/9065263,"Hogwarts Eighth Year, Soulmarks, Slow Burn, flangst, Community: hd_erised, Slytherins, Families of Choice, Falling In Love, Pining, Bad Dreams, HP: EWE, getting drunk, copious swearing, Sarcasm, Muggle Studies, Muggle Fine Dining, wanking, sucking cock, Angst, Bad Decisions, Unexpected friendships, Teasing, Coming Out, Kissing, Famous Harry Potter, UST, Happy Ending, Blaise Zabini's dubious porn collection, Clubbing"
29558628,all my cards are here,harry_potter,slow_burn,16596,18,112674,6260,352,19.6,https://archiveofourown.org/works/29558628,"Alternate Universe - Rock Band, Band Fic, Slow Burn, Alternate Universe - Modern Setting, Marauders, Modern Marauders (Harry Potter), Getting Together, Fuck JKR, Pining, Musicians, Internet Famous, Fame, Friends to Lovers, Friends With Benefits, Secret Relationship, Happy Ending, Angst with a Happy Ending"
18960145,Grounds for Divorce,harry_potter,slow_burn,15505,10,124600,12460,200,20.0,https://archiveofourown.org/works/18960145,"Slow Burn, Pining, UST, Anal Sex, brief but all the same enthusiastic rimming, One (1) lemon tree, Accidental Bonding, And I mean like U! S! T!, Jealousy, Deals with Trauma, They both top at some point, ron is a good friend, Draco is a Good Cook, Dubious Consent due to the Accidental Bonding, The actual SLOWEST burn, Hurt/Comfort, Have I mentioned UST? Cannot overstate this it's like A LOT, First there's frottage, And then there's more sex, Anal Fingering, Blow Jobs, Hand Jobs, and just a lot of sex, sex on a bed, sex in the shower, sex on the floor, Sex on a settee, In other news they go to Egypt, Teddy is a Small Bean, There is one (1) cat, and one (1) happy ending"
23872387,Draco Malfoy and the Mirror of Ecidyrue,harry_potter,slow_burn,41402,18,90264,5015,359,19.9,https://archiveofourown.org/works/23872387,"Time Travel, Slow Burn, Hermione Granger & Draco Malfoy Friendship, Fluff and Angst, Snarky Draco Malfoy, Abuse, Post-Traumatic Stress Disorder - PTSD, Slightly unreliable narrator, Character Study"
10547500,For Now You Love Me,harry_potter,slow_burn,11101,5,13932,2786,74,14.8,https://archiveofourown.org/works/10547500,"Alternate Universe-No Voldemort, fake dating au, fake relationships, Enemies to Lovers, established relationships - Freeform, Pining, Slow Burn, Fluff"
52884502,"BLOODY, SLUTTY, AND PATHETIC",harry_potter,slow_burn,30962,21,195822,9325,420,20.0,https://archiveofourown.org/works/52884502,"Enemies to Lovers, Slow Burn, marriage law, Forced Marriage, Post-War, Angst, Post-Traumatic Stress Disorder - PTSD, Pining Draco Malfoy, Morally Grey Draco Malfoy, Jealous Draco Malfoy, Possessive Draco Malfoy, Morally Grey Hermione Granger, BDE Neville Longbottom, BAMF Neville Longbottom, Azkaban Tattooed Draco Malfoy, Therapy Made Me Worse So I Started Writing Fanfic"
10313534,Roar,harry_potter,slow_burn,10047,10,62948,6295,200,20.0,https://archiveofourown.org/works/10313534,"wampus!Graves, Animal Transformation, Grindelwald messing about with things that should not be messed about with, Hurt/Comfort, Protective Newt, Graves makes friends with Newt's menagerie, Non-Graphic Violence, Slow Burn, Developing Relationship"
25918393,Draco Malfoy and the Wheel of Hecate,harry_potter,slow_burn,25454,24,173153,7215,480,20.0,https://archiveofourown.org/works/25918393,"Time Travel, Slow Burn, Fluff and Angst, Post-Traumatic Stress Disorder - PTSD, Character Study, Draco Malfoy Needs a Hug, Snarky Draco Malfoy, Unreliable Narrator, Anti-Hero, Yule Ball (Harry Potter), Prophecy, Duelling, Unforgivable Curses (Harry Potter)"
30758501,Heroes all have a Saving People Thing,harry_potter,slow_burn,16921,25,94328,3773,500,20.0,https://archiveofourown.org/works/30758501,"Dadzawa - An Aizawa Shota Zine, Parental Aizawa Shouta | Eraserhead, The Golden Trio, Found Family, BAMF Aizawa Shouta | Eraserhead, Harry Needs a Hug, And Gets One, Harry Potter Epilogue What Epilogue | EWE, Harry becomes a hero, Supportive Class 1-A (My Hero Academia), All the friendship and recovery, Harry and Izuku bond over trauma, Fluff, Hurt/Comfort, Slow Burn"
38829984,Ten out of Ten,harry_potter,slow_burn,24377,16,61617,3851,320,20.0,https://archiveofourown.org/works/38829984,"Post-War, Harry Potter Epilogue What Epilogue | EWE, Forced Marriage, marriage law, Magical Bond, Enemies to Lovers, Forced Proximity, Unredeemed Draco Malfoy, Slow Burn, Sexual Tension, Unresolved Sexual Tension, Tension with Plot, Angst, Fluff, Domestic Fluff, Banter, Eventual Smut, Smut, Praise Kink, Spit Kink, (mostly just spit as lube but also extra?), (listen you'll have to take it up with the characters i just work here), Possessive Draco Malfoy, Hermione is a good neighbour, draco is good with kids, Draco Malfoy in the Muggle World, Angst with a Happy Ending, Dirty Talk"
14380728,Love and Other Misfortunes,harry_potter,slow_burn,18533,23,98218,4270,363,15.8,https://archiveofourown.org/works/14380728,"Ministry of Magic, Past Hermione Granger/Ron Weasley, Adult Hermione Granger, Veela Draco Malfoy, Pining Draco Malfoy, Veela Mates, Mythical Beings & Creatures, Creature Fic, Workplace Relationship, Mystical Creatures, Magical Bond, Manipulation, Slow Burn, Mating Bond, Mating Bites, Eventual Smut, Harry Potter Epilogue What Epilogue | EWE"
18394907,The Left Words,harry_potter,slow_burn,19074,11,236136,21467,220,20.0,https://archiveofourown.org/works/18394907,"Slow Burn, Alternate Universe - Soulmates, Soulmate-Identifying Marks, Implied/Referenced Child Abuse, Bullying, Slytherin Harry Potter, Smart Harry, Manipulative Albus Dumbledore, Suicide Attempt, Character Bashing, Translation Available"
23832304,Resurrection,harry_potter,slow_burn,10851,9,41904,4656,180,20.0,https://archiveofourown.org/works/23832304,"technically a Time Travel AU, this fic is very Dumbledore critical, Hogwarts Redo with a Twist, Morally Grey Harry Potter, Harry is 3 mental disorders in a trenchcoat, like he is dissociating hardcore, memory loss may or may not be temporary, hints of PTSD, overpowered and badass Harry, but i like to think I balance him out pretty well, Implied/Referenced Child Abuse, the story diverges from canon the more it goes along, Canon Typical Violence, Strong Language, do the deja-vu brain and the lizard brain count as characters, the relationship tag refers more to the rest of the series, because Harry is 11 here jfc, Golden Trio Friendship for the Win, no overt character bashing, slow slow slow burn btw, rating changed to mature for gratuitous language and some violence, better safe than sorry, tags to be added or changed at my discretion"
23785468,My Beautiful Boy,harry_potter,slow_burn,8959,13,69904,5377,260,20.0,https://archiveofourown.org/works/23785468,"Minor Harry Potter/Ginny Weasley, Smitten Draco Malfoy, Pining Draco Malfoy, Hogwarts Eighth Year, Requited Unrequited Love, Parallel Universes, in a dream, Past Torture, Fluff and Angst, Angst with a Happy Ending, Post-Battle of Hogwarts, Draco Malfoy Needs a Hug, Slow Burn, and when i say slow burn, I mean THE SLOWEST, Obsessive Harry, Suicidal Thoughts, Down and Out Draco Malfoy"
16036310,Soup-pocalypse and The Great Curry Cataclysm,harry_potter,slow_burn,40237,15,104278,6952,299,19.9,https://archiveofourown.org/works/16036310,"Veela Draco Malfoy, Veela Mates, Teddy Lupin was Raised by Harry Potter, Parent Harry Potter, Depression, Mental Health Issues, Slow Burn, Enemies to Lovers, Angst, Humor, Hurt/Comfort, Explicit Sexual Content, Bottom Draco Malfoy, Top Harry Potter, Past Suicide Attempt, H/D Food Fair 2018, Ministry of Magic Employee Draco Malfoy, Harry Potter Thinks Draco Malfoy is Up to Something, Draco Malfoy Cooks, Courtship, Food Issues, Romance, Pining Draco Malfoy, Auror Harry Potter, Post-Hogwarts, Harry Potter Epilogue What Epilogue | EWE"
24509584,Draco Malfoy and the Heir of Slytherin,harry_potter,slow_burn,31497,17,94668,5569,340,20.0,https://archiveofourown.org/works/24509584,"Time Travel, Slow Burn, Fluff and Angst, Post-Traumatic Stress Disorder - PTSD, Character Study, Unreliable Narrator, Draco Malfoy Needs a Hug"
47948368,Let's Play Pretend,harry_potter,slow_burn,9121,13,70241,5403,260,20.0,https://archiveofourown.org/works/47948368,"Fake/Pretend Relationship, Fake Dating, Meet-Cute, remus and sirius are both hot mess dads, they are both skittish about dating, so they pretend not to date, when they clearly fucking are dating, Fluff and Smut, Eventual Smut, Romance, Gay Sirius Black, Bisexual Remus Lupin, Baby Harry Potter, Baby Teddy Lupin, POV Sirius Black, Sirius Black Raises Harry Potter, Raising Teddy Lupin, Teddy is adorable chaos, Harry is cool and skeptical, Sirius is smitten, He can’t help it, Remus is very hot, Slow Burn, Angst Lite, actually maybe it’s not that light, but it is only temporary, it will have a very happy ending!, Teddy chaos Lupin, Alternate Universe - Non-Magical, Grief/Mourning, Alternate Universe - Modern Setting"
24779923,Another Mind Game,harry_potter,slow_burn,44107,17,54262,3192,340,20.0,https://archiveofourown.org/works/24779923,"Child Abuse, Mentor Severus Snape, Strong Harry Potter, Sassy Harry Potter, Slow Burn, Fluff and Angst, Albus Dumbledore Bashing, not terribly but a bit, He gets better, Magically Powerful Harry Potter, Snape becomes more OOC overtime, slow burn severitis, Crack Treated Seriously, I mean it's kinda crack, but only sometimes, Implied/Referenced Child Abuse, Severus Snape Adopts Harry Potter, but it's kinda low-key, and sometimes high-key, So there!, presumed suicidal, protective hogwarts, Abusive Dursley Family (Harry Potter), BAMF Harry Potter, Severitus | Severus Snape is Harry Potter's Parent"
16390034,Nero su bianco,harry_potter,slow_burn,9996,5,40703,8141,100,20.0,https://archiveofourown.org/works/16390034,"Epistolary, Slow Burn, Harry Potter Epilogue What Epilogue | EWE, Slash, Angst, Post-Battle of Hogwarts, Alternate Universe - Canon Divergence, Misunderstandings, Hogwarts Seventh Year, Podfic Available"
34047913,Death's Chosen Child,harry_potter,slow_burn,14851,13,120683,9283,253,19.5,https://archiveofourown.org/works/34047913,"Tags Contain Spoilers, Eventual Harry Potter/Tom Riddle, This time it's going to be a real slowburn, Slytherin Harry Potter, aged-up harry potter, Master of Death Harry Potter, Powerful Harry Potter, Manipulative Albus Dumbledore, kind of time travel?, Read it you will understand, Pureblood Politics (Harry Potter), Dark Magic, POV Harry Potter, Triwizard Tournament, Sane Tom Riddle, Young Tom Riddle, Morally Grey Harry Potter, Harry Potter is a Little Shit, Harry Potter is So Done, Bisexual Harry Potter, Explicit Sexual Content, In later chapters - Freeform, Albus Dumbledore Bashing, Minor Cedric Diggory/Harry Potter, Minor Hermione Granger/Draco Malfoy, background Sirius Black/Remus Lupin - Freeform, Sirius Black & Remus Lupin Live, Nagini is a little shit, BAMF Harry Potter, Mutual Pining, Wizengamot (Harry Potter), A little Ron bashing in the first chapter!, Temporary Character Death, Crazy Albus Dumbledore, Fanart, in chapter six!"
21758962,Who we are in the shadows,harry_potter,slow_burn,11219,12,99688,8307,240,20.0,https://archiveofourown.org/works/21758962,"Minor Hermione Granger/Ron Weasley, Minor Draco Malfoy/Original Male Character(s), Dubious Consent, werewolf instincts, Implied/Referenced Child Abuse, Child Trafficking, Brief Claustrophobia, Past Attempted Rape/Non-Con, Past minor character death, Past Child Death, Bigotry & Prejudice, prejudice against werewolves, internalized prejudice, Murder, Stabbing, Poison, Hallucinations, Creature Fic, Werewolf Harry, Werewolves, Auror Harry Potter, Case Fic, Masturbation, wanking, werewolf attack, Aural Voyeurism, Unresolved Sexual Tension, Slow Burn, Biting, Marking, Claiming, Scenting, Possessive Behavior, Jealousy, Rough Sex, Edging, Secrets, Lies, Hurt/Comfort, Sharing a Bed, Loyalty, Loyalty Bond, Bonding, Angst, Domestic, Falling In Love, Enemies to Lovers, Self-Acceptance, Emotional Growth, Angst with a Happy Ending, References to Auror Brutality, H/D Erised 2019, Comeplay, Wall Sex, sex without lube, Identity Porn, Secret Identity"
15967970,"Dear Cousin, Love Regulus",harry_potter,slow_burn,15386,7,86390,12341,140,20.0,https://archiveofourown.org/works/15967970,"Hogwarts, Mild Angst, Moral Lessons, Hogwarts First Year, Bigotry & Prejudice, Unlearning Racism, Redeemed Draco Malfoy, Hogwarts Second Year, Pureblood Politics (Harry Potter), Hogwarts Third Year, Pureblood Society (Harry Potter), Epic Friendship, Dobby & Draco Friendship, Hogwarts Fourth Year, Coming of Age, Hogwarts Fifth Year, Canon Death, Alternate Universe - Canon Divergence, Summer of Sixth Year, Self-Discovery, Self-Reflection, Draco Malfoy Discovers Who He Is, Teen Romance, slowburn, Friends to Lovers, Horcruxes, Illustrated, Harry/Draco Big Bang 2018, Community: harrydracobang"
30610928,Old Haunts (Are For Forgotten Ghosts),harry_potter,slow_burn,13439,4,39872,9968,59,14.8,https://archiveofourown.org/works/30610928,"Alternate Universe - Canon Divergence, First War with Voldemort, Time Travel, Master of Death Harry Potter, Slytherin Harry Potter, Regulus Black Lives, Fix-It, Regulus Black-centric, Good Regulus Black, Friends to Lovers, Slow Burn, Slow Build, Pining Regulus Black, Mutual Pining, Snarky Regulus Black, Harry Potter is a Little Shit, Implied/Referenced Child Abuse, Walburga Black's A+ Parenting, Minor Regulus Black/Barty Crouch Jr., Swearing, Angst with a Happy Ending"
25111171,Draco Malfoy and the House of Black,harry_potter,slow_burn,28445,20,124213,6211,400,20.0,https://archiveofourown.org/works/25111171,"Time Travel, Slow Burn, Fluff and Angst, Post-Traumatic Stress Disorder - PTSD, Character Study, Draco Malfoy Needs a Hug, Snarky Draco Malfoy, Unreliable Narrator, Anti-Hero"
55131289,Beholden,harry_potter,slow_burn,10923,10,124082,12408,200,20.0,https://archiveofourown.org/works/55131289,"Hogwarts Eighth Year, Angst, Angst with a Happy Ending, Hurt/Comfort, Slow Burn, Hurt Harry Potter, Depressed Draco Malfoy, Draco Malfoy Needs a Hug, Harry Potter Needs a Hug, First Time, Switching, Explicit Sexual Content, moonflower_rose needs a hug"
25080646,Tip of Your Tongue,harry_potter,slow_burn,12099,11,78545,7140,220,20.0,https://archiveofourown.org/works/25080646,"y'all know the Deja-Vu Brain and the Lizard Brain are back baby, Mystery Brain is the Horcrux, Hogwarts Redo, Time Travel Fix-It, Morally Grey Harry Potter, Dissociation, hints of PTSD, Implied/Referenced Child Abuse, Canon-Typical Violence, Strong Language, this fic is very Dumbledore critical, but no overt character bashing, Golden Trio Friendship - Freeform, Slow Burn, Like really really slow, once again the relationship tag is for the series in general, because while Harry is technically 17, he is also technically 12, story diverges from canon more as it goes along, Panic Attacks, Government Conspiracies, Fluff and Humor, Mystery, The power of friendship, but like in a badass kind of way"
13867242,The Lesson of You,harry_potter,fluff,28054,4,65582,16396,80,20.0,https://archiveofourown.org/works/13867242,"Accidental Child Acquisition, Kid Fic, Fluff, SO MUCH FLUFF, Family Feels, crups, Not Epilogue Compliant, Anal Fingering, Anal Sex, Time Travel"
3874606,9 times Harry kissed Draco and the 1 time Draco kissed Harry,harry_potter,fluff,23241,1,4695,4695,20,20.0,https://archiveofourown.org/works/3874606,"Hogwarts Eighth Year, First Kiss, Getting Together, Idiots in Love, Post-War, Secret Relationship, Kissing, Humor, Fluff, 5 Things, except technically it's 9 things"
787368,"Hey, Potter",harry_potter,fluff,48275,1,16179,16179,20,20.0,https://archiveofourown.org/works/787368,"Ghosts, Drinking, Mind/Mood Altering Substances, Hogwarts Eighth Year, Alcohol, Drama, Fluff and Angst, Humor"
42356628,Three's Family,harry_potter,fluff,46838,5,19341,3868,100,20.0,https://archiveofourown.org/works/42356628,"Time Travel, Time Travel Fix-It, Fluff and Humor, And Hard Truths, First Wizarding War with Voldemort (Harry Potter), Marauders Era (Harry Potter), Found Family, LITERALLY, proposal, not drarry, unless you consider bickering to be foreplay in which case you may consider this pre-slash, Enemies to reluctant allies, Time Travelling Harry Potter"
3725452,"Hiding Scrawl, Licking Freckles, and Other Average Wizard Things",harry_potter,fluff,20038,1,3705,3705,20,20.0,https://archiveofourown.org/works/3725452,"Soulmate-Identifying Marks, Alternate Universe - Soulmates, Fluff, Tooth-Rotting Fluff, Hogwarts Eighth Year, Might have fudged some canon, In my head seamus has freckles, because who doesn't love freckles?"
2528705,Tie Me Up in Knots,harry_potter,fluff,22165,1,2068,2068,20,20.0,https://archiveofourown.org/works/2528705,"Fluff, slightly cracky, PWP"
8662435,What Real Thing?,harry_potter,fluff,28641,1,12753,12753,20,20.0,https://archiveofourown.org/works/8662435,"Bottom Draco, Top Harry, Auror Partners, Anal Sex, Anal Fingering, Blow Jobs, Rimming, fingering after sex, Desk Sex, Light Bondage, Submissive Draco, fuck buddies, Romance, Getting Together, Fluff and Romance, oh just read it"
4371455,hello goodbye ('twas nice to know you),harry_potter,fluff,59365,1,4842,4842,20,20.0,https://archiveofourown.org/works/4371455,"Soulmate-Identifying Marks, Alternate Universe - Soulmates, finally finished this holy hell, Fluff, seriously so much fluff, Hogwarts Eighth Year, Spanish Translation, 中文翻译 | Translation in Chinese, Перевод на русский | Translation in Russian, Korean Translation"
4731860,"Don’t mind if I keep your tie (And your heart, babe)",harry_potter,fluff,19109,1,21510,21510,20,20.0,https://archiveofourown.org/works/4731860,"Not Epilogue Compliant, Humor, Fluff, Developing Relationship, Enemies to Friends to Lovers, Hogwarts Eighth Year, Slytherins Being Slytherins, Pining Draco, Inter-House Unity, Inter-House Friendships, Blanket Permission"
8232359,Luckiest Fucking Size Queen Alive,harry_potter,fluff,15657,1,6242,6242,20,20.0,https://archiveofourown.org/works/8232359,"bottom!Draco, Hung!Harry, Anal Sex, Anal Fingering, Rimming, Humor, Fluff and Humor, Size Kink, sexy!Harry"
19771492,knickers in a twist,harry_potter,fluff,17174,7,86456,12351,140,20.0,https://archiveofourown.org/works/19771492,"Hogwarts Eighth Year, Reconciliation, Smut, Crossdressing, Boys in Skirts, Bottom Draco Malfoy, Top Harry Potter, Implied/Referenced Self-Harm, Semi-Public Sex, Riding, Topping from the Bottom, Draco Malfoy in a Skirt, Rimming, Lace Panties, Anal Sex, Oral Sex, Public Sex, Harry Potter Epilogue What Epilogue | EWE, Secret Relationship, Fuckbuddies, Shameless Smut, Sexual Roleplay, Fluff and Humor, Porn with Feelings"
2734082,Tea and No Sympathy,harry_potter,fluff,57134,11,72065,6551,220,20.0,https://archiveofourown.org/works/2734082,"Slow Build, Draco-centric, Tea Drinking, Swearing, Muggle London, Houses of Parliament, Malfoy Manor, flangst, Family Feels, Muggle/Wizard Relations, Coming Out, Heartfelt Conversations, Sarcastic Conversations, Owls, Competitive Card Games, Falling In Love, getting drunk, Enthusiastic Snogging, Hogwarts Castle, Sex In The Slytherin Dormitory, Frottage, Time Travel, Time Loop, HP: EWE"
35105491,Dear Your Holiness,harry_potter,fluff,15466,12,143676,11973,240,20.0,https://archiveofourown.org/works/35105491,"wolfstar, modern day AU, band au, Texting, text fic, priest fic, Father Lupin, pop punk references OUT THE ASSSS, throat tattoos, does celibacy include masturbation?, smoking for the aesthetic, Moony and Remus as separate entities, Sort Of, canon is totally irrelevant in this fic, literally i just stole the names, Catholic Imagery, Religious Themes, but also SUPER SACRILEGIOUS THEMES, i mean it is a priest fic so religion and faith are discussed, Implied/Referenced Suicide, also this whole fic takes place the week of a catholic funeral, and again its a priest fic so a lot of this occurs in church, Fluff, Angst, Smut, Eventual Smut, its a very slow burn okay, Frottage, Oral Sex, Masturbation, Mutual Masturbation, Anal Sex, Anal Fingering, Rimming, Mutual Pining, Unresolved Sexual Tension, Yearning, religious trauma, warnings include:, Eating Disorders, Childhood Trauma, Childhood Sexual Abuse, conversion therapy, All of the warnings are PAST references, not part of the actual plot of the fic, but they are mentioned so read carefully, There is also a scene with a racist police officer in chapter 3, If you want to skip this scene it is marked and mentioned in the chapter notes"
485218,Storm in a Teacup,harry_potter,fluff,53162,1,7996,7996,20,20.0,https://archiveofourown.org/works/485218,"Hogwarts Eighth Year, Humor, Romance, Fluff"
16528823,Observations of a Pureblood Heir,harry_potter,fluff,15685,1,4541,4541,20,20.0,https://archiveofourown.org/works/16528823,"Fluff, Unresolved Sexual Tension, Slytherin Harry Potter, Smart Harry Potter, tom and harry in denial theyre in love, even though lucius already caught them doing questionable stuff in the slytherin common room, Oneshot, Complete, Tooth-Rotting Fluff"
6854605,The Devil's White Knight,harry_potter,fluff,42027,10,64220,6422,194,19.4,https://archiveofourown.org/works/6854605,"Alternate Universe- Time Travel, No Voldemort, Alternate Timeline, Everyone lives, past James/Lily - Freeform, Past canon relationships mentions, Enemies to Lovers, Time Travel, PTSD, Post-War Trauma, Unspeakables, Tonks/Fleur - Freeform, Lily/Marlene, Fluff, Friends With Benefits, past George/Harry"
370570,In Need of a Proper Hug,harry_potter,fluff,24975,1,2104,2104,20,20.0,https://archiveofourown.org/works/370570,"Hogwarts Eighth Year, Humor, Fluff"
910437,The Wolf Pack,harry_potter,fluff,20284,1,13648,13648,20,20.0,https://archiveofourown.org/works/910437,"Animagus, Fluff, Romance, Humor, Long"
24306859,Aparecium,harry_potter,fluff,17440,14,58612,4187,275,19.6,https://archiveofourown.org/works/24306859,"Draco didn't know, Secret Baby, One Night Stand, Accidental Pregnancy, Smut, Fluff, I know it's weird even putting that in the tags honestly, minimal angst, just family drama, Sexual Content, Parenthood, Co-Parenting, Enemies to Lovers to Friends to Lovers again"
8125531,"Hogwarts, to welcome you home",harry_potter,fluff,22519,1,11118,11118,20,20.0,https://archiveofourown.org/works/8125531,"Professor!Harry AU, Post Series AU, Humor, Fluff, slight angst, Epilogue What Epilogue, outsider pov"
13792248,A Store of Happiness,harry_potter,fluff,22941,1,10893,10893,20,20.0,https://archiveofourown.org/works/13792248,"Alternate Universe - Canon Divergence, POV Harry Potter, Fluff, Found Family, Raising Harry"
13007862,Thermodynamic Equilibrium,harry_potter,fluff,33701,2,5075,2538,40,20.0,https://archiveofourown.org/works/13007862,"Hogwarts Eighth Year, Not Epilogue Compliant, hot/cold dynamics, Cuddling & Snuggling, Don't copy to another site, Fluff"
864147,Hungry,harry_potter,fluff,21912,1,24392,24392,20,20.0,https://archiveofourown.org/works/864147,"Hogwarts Eighth Year, Forced Bonding, Potions Accident, Fluff and Smut, Slytherins Being Slytherins, First Time, Hand Jobs"
12312867,We're Already Married,harry_potter,fluff,33163,1,3956,3956,20,20.0,https://archiveofourown.org/works/12312867,"Fluff, Tooth-Rotting Fluff, Kid Fic, to adults, Adorable, No Angst, Romance, Best Friends, Friends to Lovers, Sirius ships it, Remus is so done"
6832576,The Dragon of Moria,harry_potter,fluff,17069,1,5215,5215,20,20.0,https://archiveofourown.org/works/6832576,"Crossover Pairings, Crossovers & Fandom Fusions, Crack Treated Seriously, Fluff and Crack, Dragons, Animagus Harry Potter, BAMF Harry, BAMF Legolas Greenleaf, Elvish"
3101099,The Standard You Walk Past,harry_potter,fluff,71032,14,46400,3314,280,20.0,https://archiveofourown.org/works/3101099,"Hogwarts Eighth Year, Some Homophobia in the Wizarding World, Romance, Friends to Lovers, Fluff, flangst, Angst, SO MUCH FLUFF, And a bit of sap, Legilimency, Dreams and Nightmares, Slow Build, Prejudice Against Slytherins, Roommates, Redeemed Draco Malfoy, Minor Hermione Granger/Ron Weasley, Minor Lucius Malfoy/Narcissa Malfoy - Freeform"
16731783,Guess Who's Coming to Dinner,harry_potter,fluff,15884,1,5093,5093,20,20.0,https://archiveofourown.org/works/16731783,"Not Canon Compliant, Alternate Universe - Canon Divergence, james and lily live, Family, Humour, Fluff, Established Relationship, Protective, I Fixed Everything, But I Kinda Had to break the universe to do it, I think it worked out okay, Oneshot, No prophecy, No boy who lived, Bisexual Harry, slightly OOC"
11221602,(Un)Calculated Risk,harry_potter,fluff,20173,1,6962,6962,20,20.0,https://archiveofourown.org/works/11221602,"Hogwarts Eighth Year, Established Relationship, Bottom Draco, Top Harry, Anal Sex, Anal Fingering, Blow Jobs, Oral Sex, Rimming, lots of rimming, Kissing, Quidditch, Secret Relationships, Romance, Boys In Love, Smut, Fluff, Smuff, Humour, SO MUCH FLUFF, it's draco's birthday, I have no regrets, i love these two so much, please come love them with me, there's gorgeous ART"
5025334,chalk this one up as a win,harry_potter,fluff,15986,1,6269,6269,20,20.0,https://archiveofourown.org/works/5025334,"Soulmate-Identifying Marks, Alternate Universe - Soulmates, Quidditch, Fluff, Oliver likes Quidditch, this was going to be short, it turned out not short, Podfic Available"
1319809,"The Electric Fizzing Prick Pistols, or Whatever",harry_potter,fluff,42814,1,3867,3867,20,20.0,https://archiveofourown.org/works/1319809,"Magical Realism, Soulmates, Soulmate-Identifying Marks, Alternate Universe - Soulmates, Hogwarts Era, Hogwarts Fifth Year, Hogwarts Seventh Year, MWPP Era, Community: rs_games, Explicit Language, Humor, Fluff and Humor"
3627921,Both Showing Hearts,one_direction,hurt_comfort,3608,11,113628,10330,176,16.0,https://archiveofourown.org/works/3627921,"Alternate Universe - College/University, Coming Out, Homophobia, Bullying, Angst and Fluff and Smut, Hurt/Comfort, LGBTQ Themes, First Time, Blow Jobs, Additional Warnings In Author's Note, Anal Sex"
15476535,Cocaine for Breakfast,one_direction,hurt_comfort,3427,23,310393,13495,275,12.0,https://archiveofourown.org/works/15476535,"Drug Addiction, Drug Dealing, Implied/Referenced Homophobia, Friends to Lovers, Slow Burn, Angst, Depression, Smut, Family Issues, Drug Use, Panic Attacks, Drug Dealer au, Paranoia, Near Death Experiences, a lot lot lot of angst, Fluff, Eventual Smut, Fluff and Angst, Angst with a Happy Ending, Happy Ending, Mutual Pining, Pining, Minor Character Death, Mentions of Suicide Attempt (past), mentions of self-harm (past), Violence, Blowjobs, Anal Fingering, POV Louis, Anal Sex, Oral Sex, Domestic Fluff, Fluff and Smut, Emotional Hurt/Comfort, Alternate Universe, Depressed Louis, Semi-Public Sex, Blow Jobs in a Car, Emotional Roller Coaster, Humor, OT5 Friendship, First Time Bottoming, Top Harry, Bottom Harry, Bottom Louis, Top Louis Tomlinson, because they kind of share that reaaally"
8342227,"knock knock, i love you",one_direction,hurt_comfort,3914,4,86164,21541,58,14.5,https://archiveofourown.org/works/8342227,"Fluff, Alternate Universe - College/University, Hand Jobs, Blow Jobs, Anal Sex, First Time, Rimming, Dirty Talk, Banter, Knock-Knock Jokes, No Angst, the only plot is harry and louis falling in love, if you're craving a cavity this is your fic, Virgin Harry, Bottom Harry, Hot Cocoa Date, Spooning, Comeplay, a lot of sappiness and a lot of sex basically, Mild Hurt/Comfort, Halloween, a cat named Sushi, Masturbation, Flirting"
36529918,Beautiful War,one_direction,hurt_comfort,4112,17,103662,6098,152,8.9,https://archiveofourown.org/works/36529918,"Alternative Universe - FBI, Harry is a British FBI-Agent (just go with it), Clairvoyant!Louis, FBI!Harry, agentharry, AgentZayn, AgentNiall, Murder Mystery, Serial Killers, References to Norse Religion & Lore, Autumn, Portland Oregon, Enemies to Lovers, Hate to Love, Like serious hate to soft stuff, Eventual Smut, Will update smut tags as we go, Louis has PTSD and severe Anxiety, Anxiety Attacks, Anxiety Disorder, Blood and Gore, Violence, Flashbacks, Soft Louis Tomlinson, Louis in oversized jumpers, protective!harry, Blood Eagle, Legal Jargon, Legal terms that might not be completely accurate, Federal Bureau of Investigation, Investigations, Crimes & Criminals, Eventual Fluff, Angst, Lots of Angst, Angst with a Happy Ending, Hurt/Comfort, Happy Ending, Feel that's iportant to mention, Angst and Fluff and Smut, Visions, Prophetic Visions, Service Dogs, clifford, Misconceptions, POV Multiple, Minor Zayn Malik/Liam Payne, Sassy Louis Tomlinson, SMUT TAGS:, Blowjobs, handjobs, Rimming, Bottom Louis Tomlinson, Top Harry Styles, Alludes to Harry bottoming but it doesn’t happen in this fic so, If it matters who tops etc then this maybe isn’t the fic for you x"
34449637,"happier, prettier",one_direction,hurt_comfort,2975,4,40340,10085,39,9.8,https://archiveofourown.org/works/34449637,"Fake/Pretend Relationship, Hate to Love, Friends With Benefits, Jealousy, Possessive Behavior, Famous Harry, Famous Louis Tomlinson, Rich Harry, Anal Sex, Barebacking, Comeplay, Praise Kink, Additional Warnings In Author's Note, Deepthroating, Angst with a Happy Ending, Hurt/Comfort"
2369459,Pretty Boy,one_direction,hurt_comfort,5899,1,32661,32661,20,20.0,https://archiveofourown.org/works/2369459,"Prince!Louis, Prostitute!Harry, sex trade, References to Drug Use, Addiction, (NOT IN THE BOYS in other characters), Hurt/Comfort, Angst, Fluff, Lots of Sex, Louis is awkward and way too sweet, Harry's a cupcake in a world of diabetics, Liam's the personal assistant Louis calls 'mum', Niall is the PR guy who wishes Louis wouldn't date prostitutes (or would pay him more), Zayn is the 'fixer' who makes things happen and makes problems go away, Harry gets roughed up some sorry, but he's okay, SUPER HAPPY ENDING IT'S ALRIGHT, Nick is in it for like 3 minutes as a random doctor"
18281816,Consequences,one_direction,hurt_comfort,3415,5,78317,15663,100,20.0,https://archiveofourown.org/works/18281816,"Amnesia, Memory Loss, Exes, Getting Back Together, Car Accidents, Injury, Injury Recovery, Physical Therapy, Occupational Therapy, Therapy, Photographer Harry, Pediatric Occupational Therapist Louis, Physical Therapist Niall, Occupational Therapist Zayn, Wealth, Secrets, Foundation Director Harry, Assistant Foundation Director Liam, Midwest, Winter, POV Alternating, Angst with a Happy Ending, Hurt/Comfort, Rich Harry, side Ziam, Exes to Lovers, Demisexual Louis, Unreliable Narrator, Smut, Riding, Oral Sex, Hospitals, Pining, Slow Burn, Implied/Referenced Alcohol Abuse/Alcoholism, Epilogue, Marriage Proposal, Major Character Injury"
38848572,"love is a word, you gave it a name",one_direction,hurt_comfort,3336,8,158920,19865,100,12.5,https://archiveofourown.org/works/38848572,"Famous Louis Tomlinson, Non-Famous Harry Styles, Summer Vacation, Slow Burn, Mutual Pining, Anxiety Disorder, Internalized Homophobia, Implied/Referenced Homophobia, Closeted Louis Tomlinson, Panic Attacks, Late Night Conversations, Angst and Hurt/Comfort, Sexual Tension, Awkward Boners, Genderfluid Harry Styles, Gender Dysphoria, gender euphoria, How is that not a tag, Now the smut tags..., Oral Sex, Anal Sex, Riding, Anal Fingering, Orgasm Control, Bottom Harry, Sex Toys, First Time Bottoming, Bottom Louis Tomlinson, Daddy Kink, It’s mild though, oops I forgot, Awkward Conversations, Feminization, Cock Slut Harry Styles, Harry in Lingerie, Strangers to Friends to Lovers, SHIT the most important one, Age Difference, Older Louis Tomlinson, Parent Louis Tomlinson, Sneaking Around, Face-Sitting, 69 (Sex Position), Light Dom/sub, Barebacking, Rimming, Ambiguous/Open Ending, but there is a sequel so rest assured"
2018199,And down the long and silent street,one_direction,hurt_comfort,4489,9,86439,9604,126,14.0,https://archiveofourown.org/works/2018199,"AU, Alternate Universe - 19th Century, victorian london, Social Injustice, Angst, a lot of Angst actually, Poverty, Off-Screen/Implied Character Death (minor), Background Character Death, Emotional Hurt/Comfort"
37941871,The Greatest Thing,one_direction,hurt_comfort,3089,10,164513,16451,200,20.0,https://archiveofourown.org/works/37941871,"Fake/Pretend Relationship, Fake Marriage, (kind of anyway - the marriage is very real, the relationship not so much), accidentally married in vegas, that's not a proper tag but it should be, could also say accidentally LARRIED in Vegas yes please, Enemies to Friends to Lovers, semi canon, Canon Compliant, Sort of anyway, Post-Break Up, of the band anyway, these tags are a mess but what's new eh?, just like old times, POV Harry Styles, Angst, Fluff, Fluff and Angst, Domestic Fluff, I've lost my ability to tag I'm sorry I'll add more as we go along, mild anxiety attack I'd say, Hurt/Comfort, Car Accidents, (not onscreen though), Injury, Happy Ending, It's a fine line between proper tagging and not spoiling too much innit?, message me if you have any questions, the fic is harmless, I pinky promise, also, Blow Jobs, Rimming, Anal Sex, Anal Fingering, Louis Tomlinson Calls Harry Styles Pet Names, i can't believe that's a tag but i love it"
3594570,The Dead of July,one_direction,hurt_comfort,5827,10,117900,11790,200,20.0,https://archiveofourown.org/works/3594570,"Avengers AU, Alternate Universe, Harry is Captain America, Liam is Iron Man, Niall is Hawkeye, and Zayn is Black Widow, Because of course he is, Hurt/Comfort, References to Torture, Amnesia, Marvel Universe, Simon Cowell is Nick Fury but without the eyepatch, and less awesome, Others - Freeform, Angst, Post-Traumatic Stress Disorder - PTSD"
1162438,Love Is A Rebellious Bird,one_direction,hurt_comfort,9528,12,135257,11271,240,20.0,https://archiveofourown.org/works/1162438,"Alternate Universe, London Symphony Orchestra, Conductor!Harry, Concertmaster!Louis, niall is the best, Not too much Zayn and Liam sorry, Bullying, Angst, Hurt/Comfort, Internal Friction, Lots of it"
1712528,Give Me Truths,one_direction,hurt_comfort,7918,25,110311,4412,402,16.1,https://archiveofourown.org/works/1712528,"Domestic Violence, Dubious Consent, Emotional Abuse, Foul Language, Graphic Scenes, Bottom Harry, Top Louis, Virgin Harry, Punk Louis, Punk!Louis, genius louis, basically harry is the victim of a very bad guy and louis takes care of him forever, HAPPY ENDING PROMISED, mostly fluff tbh, sexual orientation slurs, Homophobia, Internalized Homophobia, hate language, Emotional/Psychological Abuse, Hurt/Comfort"
1740089,The Last Something That Meant Anything,one_direction,hurt_comfort,2620,12,95730,7978,146,12.2,https://archiveofourown.org/works/1740089,"Break Up, Angst, Fluff, Emotional Hurt/Comfort, Eventual Smut, Blow Jobs, Anal Sex, What Have I Done, Attempted Rape/Non-Con"
7115752,the wonderlands,one_direction,hurt_comfort,3839,10,150814,15081,196,19.6,https://archiveofourown.org/works/7115752,"Rich Louis, Producer Louis, Single Parent Harry, Florist Harry, Rock and Roll, Past Character Death, Recreational Drug Use, Alcohol, Angst, Smut, Depression, Secret Relationship, Kid Fic, Kind Of, Hurt/Comfort, Slow Burn"
679717,No One Does It Better,one_direction,hurt_comfort,6116,22,49792,2263,244,11.1,https://archiveofourown.org/works/679717,"Romance, Hurt/Comfort, Fluff, Angst, Alcohol Abuse/Alcoholism, Alternate Universe"
7947823,Only You Can Be My Alpha,one_direction,hurt_comfort,4267,24,212088,8837,192,8.0,https://archiveofourown.org/works/7947823,"Alpha/Beta/Omega Dynamics, Mating Cycles/In Heat, Mating Bond, Soul Bond, Knotting, Werewolves, Mpreg, Alpha Harry, Alpha Zayn, Omega Louis, Omega Niall, Top Harry, Sub Louis, Smut, Fluff, Mommy Louis, Minor Character Death, Kidnapping, Invasion, Protective Harry, Possessive Harry, Explicit Sexual Content, Self-Harm, Happy Ending, Abandonment Issues, Trauma, Hurt/Comfort, Emotional Hurt/Comfort, Healing, gender equality, omega revolution, Violence, Murder, Pack Bonding, Light Angst, did you just play some light jazz, Healthy Relationships, Love"
37416787,hold on to your heart,one_direction,hurt_comfort,2764,5,54462,10892,60,12.0,https://archiveofourown.org/works/37416787,"Alternate Universe - The Proposal Fusion, The Proposal AU, Alpha/Beta/Omega Dynamics, Alpha Harry Styles, Omega Louis Tomlinson, Fake/Pretend Relationship, Marriage of Convenience, Enemies to Lovers, Boss/Employee Relationship, Coercion, Editor Louis Tomlinson, Executive Assistant Harry Styles, Hurt/Comfort, Touch Deprivation, Humor, Alaska Setting, Dual POV, Explicit Sexual Content, Top Harry Styles, Bottom Louis Tomlinson, Additional Warnings In Author's Note"
31625588,picking up the pieces,one_direction,hurt_comfort,2585,1,37741,37741,20,20.0,https://archiveofourown.org/works/31625588,"Alpha/Beta/Omega Dynamics, Alpha Harry, Omega Louis, Fake/Pretend Relationship, (that is not hl), Childhood Friends, Mutual Pining, Misunderstandings, Hurt/Comfort, Demisexual Louis, Touch Deprivation, omega drop, Nesting, Courting Rituals, Explicit Sexual Content, Mating Cycles/In Heat, Top Harry, Bottom Louis"
1126489,With love comes strange currencies,one_direction,hurt_comfort,7488,1,16539,16539,20,20.0,https://archiveofourown.org/works/1126489,"Alpha/Beta/Omega Dynamics, Alpha/Omega, Knotting, Accidental Bonding, Accidental Knotting, Rimming, Masturbation, Hurt/Comfort, Pining, Barebacking, Romance, Angst"
8249207,once upon a dream,one_direction,hurt_comfort,3324,3,33244,11081,43,14.3,https://archiveofourown.org/works/8249207,"Alternate Universe, Alternate Universe - Supernatural Elements, Angst, Romance, Slow Burn, Enemies to Lovers, Hurt/Comfort, Emotional Hurt/Comfort, Mental Health Issues, Friendship/Love, Anal Sex, Bottom Louis, Blow Jobs, Alternate Universe - Law Enforcement"
912408,I hear you calling in the dead of night,one_direction,hurt_comfort,4048,11,73484,6680,220,20.0,https://archiveofourown.org/works/912408,"larry stylinson - Freeform, Romance, Drama, Love, Unrequited Love, Friendship, Male Slash, Male Homosexuality, Gay Male Character, Canon Gay Relationship, AU, Alternate Universe, Abuse, References to Illness, Hurt/Comfort, Smut, Awkward Boners, Humiliation, Embarrassment, Football Player Louis, Crossdressing, Nerdiness, ziam, Self-Harm, Pregnancy"
13919727,Own the Scars,one_direction,hurt_comfort,2929,22,143772,6535,424,19.3,https://archiveofourown.org/works/13919727,"American AU, Drug Addiction, Alcohol Abuse, Alcoholism, drug overdose, Coma, Rehab, Recovery, Intervention, Therapy, Therapist James, Alcoholics Anonymous, Most of the Drug Use is past tense, It only happens once in the present, Hurt/Comfort, Angst, So much angst, But there is fluff too I promise, Louis Tomlinson/Harry Styles - Freeform, Louis Tomlinson/Nick Grimshaw - Freeform, larry is end game, please, So don't let the Tomlinshaw scare you off, It's evident from CHAPTER ONE, Friends to Lovers, Childhood Friends, Slow Burn, like the slowest burn, i'm not even sorry, you're gonna suffer, but you'll be happy about it, Happy Ending, Only Child Louis, glasses harry, Shy Harry, Rich Boy Nick, Hair Stylist Zayn, Punk Zayn, Niall is sunshine, Liam is a Good Friend, zouis friendship, nouis friendship, Is there an acronym for Louis/Zayn/Niall, there should be, Cause those three are TIGHT, lirry friendship, Lilo friendship, Eventual OT5, So many pop culture references, Louis loves Chris Evans, because that should be a thing, Lots of Larry Easter Eggs, Everyone drinks a lot of coffee, so much coffee, Coffee is practically a character TBH, Eventual Smut, They earn it, Anal Sex, Don't ask who tops cause they share that, Anal Fingering, Blow Jobs, Hand Jobs, Emotional Sex, Morning Sex, I'll put more warnings in the notes for particular chapters, but I don't want to give away the farm with tag spoilers, anyway, This fic is intense right from the start, so buckle up, and gird your loins"
14143905,all we can do is keep breathing,one_direction,hurt_comfort,3737,18,307201,17067,310,17.2,https://archiveofourown.org/works/14143905,"Greys Anatomy inspired, medical AU, Doctor Louis, father harry, set in seattle but h&l are still british, Slow Burn, like the slowest of slow burns im sorry, Angst, even more angst, Mutual Pinning, Character Death, emotional (highly), medical traumas, Coming of Age, Sadness, Heartbreak, Grief/Mourning, Emotional Hurt/Comfort, also read my authors note for more detail"
8598145,Here In The Afterglow,one_direction,hurt_comfort,8389,3,88921,29640,60,20.0,https://archiveofourown.org/works/8598145,"here we go folks, Alternate Universe - 1970s, Small Towns, American Gay Rights Movement, Period-Typical Homophobia, Strangers to Friends, Friends to Lovers, Angst, Hurt/Comfort, Fluff, Mentions of past abuse, Smut, Bullying, High School, Slurs"
14383884,Seeing Blind,one_direction,hurt_comfort,4342,8,46803,5850,103,12.9,https://archiveofourown.org/works/14383884,"Alpha/Beta/Omega Dynamics, Omega Harry, Alpha Louis, Alpha Liam Payne, Beta Niall, Mating Cycles/In Heat, Rut, Rut Bar, Rimming, Blow Jobs, Oral Sex, Rough Sex, safe sex, Are You Proud of Me?, Rut Sex, Heat Sex, Knotting, Oral Knotting, Riding, Anal Sex, Porn with Feelings, Porn With Plot, it feels that way, i'm such a heathen, Strangers to Friends, Friends to Lovers, I think this counts as a, Slow Burn, Boys being oblivious, dumb boys in love, Blind Louis, almost forgot that one, Come Eating, Self-Lubrication, Harry in Panties, Come Marking, Scent Marking, Semi-Public Sex, Possessive Behavior, Courting Rituals, Netflix and Chill, Emotional Sex, Hurt/Comfort, Lingerie, Happy Ending, Ableism, internalized ableism, Harry/Mitch, it's minor tho, original kid characters, they have children in the epilogue"
38097370,Shadow Dances,one_direction,hurt_comfort,2532,16,101906,6369,123,7.7,https://archiveofourown.org/works/38097370,"Alternate Universe - FBI, Harry is a British FBI-Agent, Medium Louis Tomlinson, Medium Zayn Malik, Agent Liam Payne, Agent Harry Styles, Murder Mystery, Serial Killers, Blood and Gore, Blood and Injury, Violence, References to Ancient Greek Religion & Lore, Autumn, New Haven, Enemies to Lovers, Hate to Love, Eventual Smut, Panic Attacks, Hints at possible PTSD, Sassy Louis Tomlinson, protective!harry, Ghosts, Spirits, Legal Jargon, Federal Bureau of Investigation, Investigations, Crimes & Criminals, Fluff and Angst, Lots of Angst, Angst with a Happy Ending, Hurt/Comfort, Happy Ending, Angst and Fluff and Smut, Witty Louis Tomlinson, Sarcasm, POV Multiple, Touch dependent, Poltergeist Niall Horan, references to mental illness, Spooky, Virgin Louis Tomlinson, First Time, Rimming, Anal Sex, Anal Fingering, Blow Jobs, Plot Twists, Hand Jobs, Necromancy, Top Harry Styles, Bottom Louis Tomlinson"
1180586,Lost for Words,one_direction,hurt_comfort,3011,12,102191,8516,224,18.7,https://archiveofourown.org/works/1180586,"Emotional Hurt/Comfort, Self Confidence Issues, Stuttering, Fluff and Angst, Physical Abuse, Emotional/Psychological Abuse, Recreational Drug Use, American AU, anger issues, copious Pink Floyd references, Liam bakes, because why not, Insecure Liam, Pining, Tooth-Rotting Fluff, bromance to the max, Families of Choice, Some bullying, no abuse in Ziam relationship"
7259224,If I Should Stay,one_direction,hurt_comfort,3164,1,31413,31413,20,20.0,https://archiveofourown.org/works/7259224,"Bodyguard Harry, Actor Louis, Hate to Love, (very briefly though), Hurt/Comfort, discussion of a stalker and invasions of privacy, description of a panic attack, Some Ableism, a very small scene of violence, References to PTSD, okay all these tags are making this seem like the darkest fic ever that isn't really the tone of it, there is a character who is staunchly anti-wheat beer though, so proceed with caution if that will offend you, Sexual Tension, oops I forgot about the sex tags, Anal Sex, lol that's pretty much it, Fluff, Minor Angst, Happy Ending"
11671410,Blue Ice,one_direction,hurt_comfort,3433,23,103112,4483,402,17.5,https://archiveofourown.org/works/11671410,"Arranged Marriage, Adultery, Infidelity, Emotional/Psychological Abuse, Emotional Hurt/Comfort, Unrequited Love, Angst, Character Development, Possessive Behavior, Jealousy, Dark Harry, Mean Harry, Asshole Harry, Sweet Louis, Sassy Louis, Eventual Romance, Eventual Fluff, Eventual Smut, Top Harry, Bottom Louis, Complete"
41668362,just a pretty boy,one_direction,slow_burn,2028,3,35616,11872,31,10.3,https://archiveofourown.org/works/41668362,"Alpha/Beta/Omega Dynamics, Amnesia, Divorce, Alpha Harry Styles, Omega Louis Tomlinson, Jealousy, Possessive Behavior, Angst with a Happy Ending, Slow Burn, Pining, Sexual Tension, Rich Harry, Praise Kink, Anal Sex"
67469181,Paper Rings,one_direction,slow_burn,2178,16,138180,8636,293,18.3,https://archiveofourown.org/works/67469181,"Friends to Lovers, Angst, Jealousy, Unrequited Love, Slow Burn, Sexual Tension, Pining, Angst with a Happy Ending, Homophobia, Non-Graphic Violence, Fashion Designer Harry, art gallery owner louis, Explicit Sexual Content, Eventual Smut, Emotional Sex, Additional Warnings in the Author’s Note"
31475039,Better Mistakes,one_direction,slow_burn,2106,20,117808,5890,379,18.9,https://archiveofourown.org/works/31475039,"Enemies to Lovers, Hate to Love, Mpreg, Mpreg Louis, Pregnant Louis Tomlinson, Unplanned Pregnancy, Pregnant Sex, Anal Sex, Wall Sex, Shameless Smut, Cheating, Blow Jobs, Smut, Angst, Happy Ending, Pining, Denial of Feelings, Falling In Love, Affairs, Endgame Harry Styles/Louis Tomlinson, Chaptered, Jealousy, Threats of Violence, theyre minor but still there, Protective Harry, Sassy Louis Tomlinson, Slow Burn, Mutual Pining"
5306723,Falling in Love,one_direction,slow_burn,1948,16,115560,7222,125,7.8,https://archiveofourown.org/works/5306723,"Firm owner Harry, Firm owner Zayn, Boss Harry, Older Harry, 26 year old Harry, Younger Louis, employee Louis, 18 year old louis, Daddy Kink, Louis loves older men, heartbroken louis, trust issues Louis, Louis and his mother don't get along, Anger, Fluff, Pining, Mutual Pining, coming to terms with a new sexual identity, Discovering yourself, discovering a sexuality, Angst, nouis friendship, zarry friendship - Freeform, Humor, Harry likes to be in control, Lawyer Harry, Lawyer Zayn, Lawyer Liam, Student Niall, Underage Drinking, Weed, illegal drugs, Movie Nights, Flirting, mutual flirting, Teasing, Banter, Falling In Love, Falling Out of Love, louis wears panties, The first time was as a dare, harry has no chill, Never stood a chance, Jealous Harry, Possessive Harry, Jealous Louis, almost cheating, Lots of almost cheating, you'll see - Freeform, Slow Burn, Louis likes to be watched, Bottom Harry, Bottom Louis, they share"
20259355,I Get To Love You,one_direction,slow_burn,1953,14,83152,5939,98,7.0,https://archiveofourown.org/works/20259355,"Mpreg, Mpreg Harry, Strangers to Lovers, One Night Stands, Falling In Love, Friends to Lovers, Friends With Benefits, Smut, Pregnant Sex, Pregnant Harry, Anal Sex, Oral Sex, natural birth, birth scene, home birth, Famous Harry, Non-Famous Louis Tomlinson, Nurse Louis, Actor Harry Styles, Liam Payne & Harry Styles Friendship, Niall Horan & Louis Tomlinson Friendship, Zayn Malik & Louis Tomlinson Friendship, Angst with a Happy Ending, Happy Ending, Slow Burn, Unplanned Pregnancy, Coming Out, Mutual Pining, Pining"
11252922,Given a Chance,one_direction,slow_burn,2330,12,172727,14394,207,17.2,https://archiveofourown.org/works/11252922,"Future Fic, Canon Compliant, Not AU, Slow Burn, slooooowww burn but I promise they get there!, Coming Back Together, Small Town America, learning to love each other again, niall is the best, 4th of July antics, Fluff, self indulgent fic, louis has an amazing dog named Reginald, Liam and Zayn don't have any real role in this story and I don't apologize for it, over-usage of the word ""bro"", obnoxious abbreviations, too many friends references, seriously, Monica Geller should be tagged a main character, way too many food references, hopefully you're not impressionable like me, i swear i want a burger every fucking time i read this, SO TRIGGER WARNING FOR THAT M8, lots of angst mixed with fluff, i promise there's enough fluff to balance it out, it wouldn't be a fabby story without angst, actual trigger warning for:, Anxiety Attacks, nothing too major but they're there, Smut, Anal Sex, Blow Jobs, Rimming, Dirty Talk, and because people actually care about this......, Bottom Louis, Top Harry"
19445566,waiting for the tides to meet,one_direction,slow_burn,4694,8,60069,7509,105,13.1,https://archiveofourown.org/works/19445566,"Alternate Universe - Soulmates, Pining, Miscommunication, Angst, Fluff, Friends to Lovers, First Meetings, harry and louis are colleagues, also they meet in college, so there's a little bit of college in there although i wouldn't call it a college au, because then it spans to a few years later, Explicit Sexual Content, Summer, Summer Vacation, its kind of a summer vacation, anyway you will SEE, just read the damn fic, Sharing a Bed, Louis in Lace, i really went there y'all, Road Trips, Slow Burn, side Ziam, OT5, a Lot of OT5, also harry taking pictures of louis because louis is damn beautiful and we all know it, ace niall, ace representation in the house, fyi everyone defines slow burn differently lol this might not be slow burn for u"
18066773,Tainted Saints And Velvet Vices,one_direction,slow_burn,3219,12,126052,10504,114,9.5,https://archiveofourown.org/works/18066773,"Enemies to Friends to Lovers, Slow Burn, Banter, Mutual Pining, Jealousy, Slow Dancing, Triwizard Tournament, Quidditch, Father Figures, And Terrible Father Figures At That, Pining, Fluff and Angst, Happy Ending, Smut, Anal Sex, Hogwarts Inter-House Rivalries, Hogsmeade, Misunderstandings, And plenty of them, Minor Injuries, Protectiveness, Oblivious Louis Tomlinson, Alternate Universe - Hogwarts, Roommates, Duelling, Sexual Tension, Emotionally Repressed Boys Falling In Love, Beauxbatons, Durmstrang, Ballroom Dancing, Hogwarts"
48990490,Wind beneath my wings,one_direction,slow_burn,2503,14,93820,6701,180,12.9,https://archiveofourown.org/works/48990490,"Alpha/Beta/Omega Dynamics, Omega Verse, Alpha Harry Styles, Omega Louis Tomlinson, Hurt/Comfort, Angst, Fluff and Angst, Angst with a Happy Ending, Alternate Universe, Smut, Feral Behavior, Rehabilitation, Sort Of, Strangers to Lovers, aloof Harry, Non verbal Harry, for a bit, Alpha drop, Scenting, Nesting, mentions of past relationships - Freeform, mentions of past death of minor character, Trauma, Recovery, Healing, Feral Harry, Purring, smut tags I guess, Heats, Ruts, Mating Cycles/In Heat, Mating Bond, Anal Sex, Rimming, Knotting, Top Harry Styles, Bottom Louis Tomlinson, Panic Attacks, Mentions of Violence, Slow Burn"
7852654,Cameras Flashing,one_direction,slow_burn,2434,4,81995,20499,44,11.0,https://archiveofourown.org/works/7852654,"famous/non-famous, Famous Louis, Non-Famous Harry, Alpha/Beta/Omega Dynamics, Alpha Harry, Omega Louis, Coming Out, PR relationships, Practice dating, Scenting, Mating Cycles/In Heat, Slow Burn"
2232741,for now (and forever),one_direction,slow_burn,2991,10,83397,8340,166,16.6,https://archiveofourown.org/works/2232741,"Marriage of Convenience, Fake/Pretend Relationship, Military, Friends to Lovers, Slow Burn, Rimming"
11351361,cupid's defence,one_direction,slow_burn,2097,14,116835,8345,136,9.7,https://archiveofourown.org/works/11351361,"Cupid AU, lawyer AU, louis is a lawyer, harry is cupid, Niall wears glasses, receptionist!niall, Everyone Is Smart, and a lot of weird shit goes down, its really one of those fics that you have to open and just roll with, you know?, Fluff, ( a lot of ), Slow Burn (Sort Of), True Love, banter ( a lot of), wackiness (an extreme amount of), Angel Harry, Mythology"
8781703,Don't Think About The Consequences,one_direction,slow_burn,2037,19,70586,3715,163,8.6,https://archiveofourown.org/works/8781703,"Alternate Universe, Alternate Universe - College/University, Alternate Universe - No One Direction, one direction - Freeform, larry stylinson - Freeform, Bottom Louis, Sub Louis, Top Harry, Smut, Gay Sex, Making Love, Hate to Love, Enemies to Lovers, (they're not really enemies they just argue a lot), Professor Harry, Student Louis, University Student Louis, Louis is 20/21ish, Harry is 28ish, Forbidden Love, Angst, Fluff, Slow Burn"
2148573,Have Faith In Me,one_direction,slow_burn,4347,21,183816,8753,282,13.4,https://archiveofourown.org/works/2148573,"Alternate Universe, Coming of Age, Rich Harry, assistant louis, Baker Harry, Fashion Designer Louis, Age Difference, Friends to Lovers, Secret Relationship, Slow Build, Slow Burn, Mutual Pining, Heartbreak, Angst, Emotions, First Love, Eventual Smut, Office Sex, Car Sex, Sex, Light Bondage, No Underage Sex"
9914459,Back From The Edge,one_direction,slow_burn,1995,21,113929,5425,268,12.8,https://archiveofourown.org/works/9914459,"Famous Harry, Non-Famous Louis, fake-relationship, Because Harry's in the closet, Cara as the coolest beard ever, Actor Harry, Slow Burn, Because the prompt asks for it, sorry - Freeform, Pining, Strangers to Friends, Friends to Lovers, Harry sleeps with other people at some point, But it's not enough to tag as a relationship, Sex, Anal Sex, Anal Fingering, Oral Sex, Blow Jobs, Falling In Love, Mutual Pining, Fluff, lots of fluff - eventually, So so so much love"
14007420,I'd Still Dance With You,one_direction,slow_burn,2390,6,57088,9515,47,7.8,https://archiveofourown.org/works/14007420,"Alternate Universe, Age Difference, Fluff, Pining, Mutual Pining, Banter, First Kiss, Making Out, Angst, it's really not that much but for me it's a decent amount, Student Harry, Slow Burn, not really they're practically dating the entire fic, Falling In Love, Smut, Anal Sex, Blow Jobs, Hand Jobs, Morning Sex, Happy Ending, Bottom Harry, Top Louis, Barista Harry"
21887881,Strangers in Love,one_direction,slow_burn,2208,4,42253,10563,28,7.0,https://archiveofourown.org/works/21887881,"Bottom Louis, Slow Burn, Amnesia, Car Accidents, Alternate Universe - Modern Setting, Smut, Angst, Light Dom/sub, Happy Ending, Anal Sex, Dirty Talk, Crossdressing, Sex Tapes, Enemies to Lovers, Roleplay, Top Harry, Growing Up Together"
14211366,A Taste of Desire,one_direction,slow_burn,1928,5,104553,20911,54,10.8,https://archiveofourown.org/works/14211366,"Alternate Universe - Historical, Alternate Universe - Victorian, Alternate Universe - 19th Century, Alternate Universe - Industrial Revolution, Alpha/Beta/Omega Dynamics, ABO society based on equality and consent, Alpha Harry, Omega Louis, Knotting, Mating Bond, Mating Cycles/In Heat, Mill Owner Harry, Social Activist Louis, Fluff, Slow Burn, Smut, Anal Fingering, Anal Sex, Angst, Major Character Injury, minor character injury, Fire"
8079655,Since I've Found You,one_direction,slow_burn,2108,7,74214,10602,91,13.0,https://archiveofourown.org/works/8079655,"Rich Louis, Homeless Harry, Homelessness, Past Abandonment, Past Relationship(s), louis is the sun, Bottom Louis, Top Harry, Slow Burn, two-part request, Surrogacy"
16767277,Until I Found You,one_direction,slow_burn,2378,10,45665,4566,116,11.6,https://archiveofourown.org/works/16767277,"Alpha/Beta/Omega Dynamics, Alpha Louis, Omega Harry, Mating Cycles/In Heat, Famous Harry, Porn Star Louis, Cam Boy Louis, Enemies to Friends to Lovers, guitar player louis, Lace Panties, Non-Traditional Alpha/Beta/Omega Dynamics, Dildos, Knotting Dildos, Masturbation, Lube, Scenting, Scents & Smells, Dirty Talk, Butt Plugs, Jealousy, Jealous Louis, Jealous Harry, Sex Toys, Songwriting, Flirting, Alpha/Omega, Ruts, Sexual Tension, Unresolved Sexual Tension, Smut, Anal Sex, Anal Fingering, Rimming, Love Bites, Making Love, Love Confessions, i guess maybe i should tag this as, Slow Burn, Resolved Sexual Tension, Fluff, Blow Jobs, Happy Ending"
12951438,Crave,one_direction,slow_burn,1933,11,90837,8258,143,13.0,https://archiveofourown.org/works/12951438,"Strangers, BDSM, Dom/sub, Bondage, CEO Louis, Musician Harry, Slow Burn, Friends to Lovers, Sexual Tension, mentions of Simon Cowell, Daddy Kink, Sub Harry, Dom Louis, Kink Negotiation, Friends With Benefits, Nipple Play, Nipple Clamps, Sexting, Phone Sex, Cock Rings, Orgasm Delay/Denial, Blow Jobs, Rimming, Anal Sex, Face-Fucking, Spanking, Riding, Top Louis, Top Harry, Bottom Harry, Bottom Louis, Multiple Orgasms, Begging, Handcuffs, Panties, Collars, Barebacking, Butt Plugs, Anal Fingering, Biting, Painplay, Aftercare, Subspace, Subdrop, Hair-pulling, Light Angst, Switching, Rope Bondage, Public Sex, Exhibitionism, Sex Club, Kink Discovery, Kink Exploration, Dirty Talk, Happy Ending, Blindfolds, Teasing, Feathers & Featherplay, Spreader Bars, Coming Untouched"
44138935,Drops of Jupiter,one_direction,slow_burn,2525,20,122297,6115,176,8.8,https://archiveofourown.org/works/44138935,"Alternate Universe, Alternate Universe - Small Town, Fictional Town, Virginia, Autumn, Original Character(s), Arabella Elizabeth Styles, Harry is a father, Older Harry (32), louis is 26, Ghosts, Spirits, Witchcraft, sort-of Witch Louis, kitchen magic, Occult, blasphemy by the bucket load and I'm not that sorry, Implied/Referenced Homophobia, Bigotry & Prejudice, Religion, Tarot, tarot reading, Sheriff Harry Styles, Autism, Louis Tomlinson is autistic, Arabella is autistic, Blood and Injury, Blood and Violence, Blood and Gore, Prophetic Dreams, Omens & Portents, Detective Liam Payne, Niall owns a flower shop, Zayn owns an art store, Painter Zayn Malik, Friends to Enemies to Lovers, Fluff and Angst, Lots of Angst, Angst and Fluff and Smut, Hurt/Comfort, Mutual Pining, and...not so mutual-pining, Homicide and Murder, Crimes & Criminals, Investigations, Stalking, Top Harry Styles, Bottom Louis Tomlinson, Rimming, Anal Sex, Anal Fingering, Slow Burn, Explicit Sexual Content, Sexual Tension, Blow Jobs, Hand Jobs, Foreplay, Virgin Louis Tomlinson, happy ending!"
23294368,It Feels Different When You’re With Me,one_direction,slow_burn,2063,11,45929,4175,121,11.0,https://archiveofourown.org/works/23294368,"Sign language instructor Harry, hearing harry, Deaf Louis, other deaf characters, things I write for my own entertainment, Slow Burn, Sign Language, British Sign Language"
11000814,Never Let Me Go,one_direction,slow_burn,2281,3,56189,18730,43,14.3,https://archiveofourown.org/works/11000814,"Friends to Lovers, Childhood Friends, The 10 Years Plan AU, Lawyer Harry, Police Officer Louis, London, Angst, not too much tho i swear, Slow Burn, louis is a bit oblivious, and harry is a bit coward, marriage deal, louis has sex with omc, but it's NOT cheating, and it doesn't really mean anything, so you can just skip those parts, Masturbation, Grinding, Bottom Louis, Blow Jobs, Rimming, Karaoke, Clubbing, Jealous Louis, Growing Up Together, mentions of a past tomlinshaw, (but it's mentioned like twice and it's really not important)"
33659203,Secret's Safe With Me,one_direction,slow_burn,2768,6,59209,9868,97,16.2,https://archiveofourown.org/works/33659203,"Alternate Universe, CEO Harry Styles, Boss/Employee Relationship, Workplace Relationship, Workplace Sex, Secret Relationship, Toxic Relationship (Not H/L), Explicit Sexual Content, Humor, Fluff, Light Angst, Dom/sub Undertones, Louis in Lingerie, Office Sex, Bottom Louis, Top Harry, Slow Burn"
15195356,If Ignorance Be Bliss,one_direction,slow_burn,1965,1,30546,30546,20,20.0,https://archiveofourown.org/works/15195356,"Friends to Lovers, Coming Out, Alternate Universe - College/University, Dom/sub Undertones, Overhearing Sex, Harry flirts with anything that has a pulse, Slow Burn, Dirty Talk, Unrequited Love, Pole Dancing, Harry does sexy karaoke, Masturbation, Angst, Fluff and Smut, Screenshots, Spanking, Jealous Harry, Jealous Louis, Drunk Sex, They flirt using historical references and I don't know how I've managed that, Their dorms are next to each other and harry gets laid a lot"
35611228,House of The Rising Sun,one_direction,slow_burn,2242,17,102411,6024,109,6.4,https://archiveofourown.org/works/35611228,"New Orleans, Witches, Vampires, Werewolves, Demons, Alternate Universe, Alternate Universe - Fantasy, Murder, Death Rituals, Dark Magic, Louisiana Voodoo vibe, Voodoo, Slowburn -ish, Vampires rule New Orleans, Witches are feisty, Witch!harry, vampire!Louis, werewolf!liam, witch!niall, VampireKing!Zayn, Hierarchy, Cities of the dead, Not exactly enemies to lovers but their species are sworn enemies you know?, Ritual Sacrifice, Eventual Smut, happy ending obviously, I can't write/ read non-happy endings sorry, Investigation, Magic, spells, Compulsion, because vampires love their compulsion tricks, I added the tag for major character death but again - Happy ending I promise!, Marie Laveau - Freeform, Voodoo Queen, Voodoo Princesses, Bayou Wolves, Cemetery Witches, French Quarter Vampires, French Quarter, Friends With Benefits - kind of, Pining, Protective!Louis, protective!zayn, Vampires be territorial, Harvest Boys, Familiars, OT5 Friendship (One Direction), Violence, Blood and Gore, Death, Minor Niall Horan/Original Female Character(s), Zayn Malik/ Liam Payne, Explicit Sexual Content"
24971224,"Have Love, Will Travel",one_direction,slow_burn,2032,8,97295,12162,116,14.5,https://archiveofourown.org/works/24971224,"Camping, RV/Camper, set in the united states, YouTube, Smut, Hiking, waterfalls, Deserts, Rivers, Snorkeling, Beaches, Cuddling & Snuggling, Slow Burn, Co-workers, Co-workers to lovers, Friends to Lovers, Video Cameras, Cameras, Kayaking, Bicycles, Caves, Masturbation, Accidental Voyeurism, Sunrises, Sunsets, Alternate Universe - Road Trip, Road Trips, Campfires, Communication, Fine Line Fic Fest, Awkward Flirting, Swimming, Getting Together, Getting to Know Each Other, Bad Jokes, Shipping, The Last Blockbuster, Voyeurism, Hot Springs, Rain, Thunder and Lightning, Talking, Humor, Fluff and Humor, Rainbows, Moonbow, Rafting, Disney, Romance, Unrealistic Sex, Blow Jobs, Rimming, 69 (Sex Position), Anal Sex, Anal Fingering, Hand Jobs, Intercrural Sex, Laughter During Sex, Pining, Sappy Ending, Ghost Towns, Secret Relationship, Body Hair"
8909083,Runner on Third,one_direction,slow_burn,2431,1,39721,39721,20,20.0,https://archiveofourown.org/works/8909083,"Alternate Universe, Childhood Friends, Slow Burn, Friends to Lovers, Flashbacks, Teacher Harry, event planner louis, Falling In Love, Baseball, Fluff, Pining, First Kiss, Smut, Wet Dream, Masturbation, Top Harry, Bottom Louis, Blow Jobs, Rimming, Anal Sex, Wall Sex, Multiple Orgasms"
6606706,somethin' bout you,one_direction,slow_burn,2918,4,60066,15016,32,8.0,https://archiveofourown.org/works/6606706,"Alternate Universe - Thieves, Kidnapping, casino heist AU, References to Stockholm Syndrome, (not the song), but it's not a dark fic, Sexual Content, Vibrators, Enemies to Lovers, Friends to Lovers, Enemies to Friends to Lovers, Dom/sub Undertones, slight Captain America: The Winter Soldier spoilers, Sexual Tension, sort of slow burn"
5799241,"Soft Hands, Fast Feet, Can't Lose",one_direction,fluff,18062,6,112851,18808,120,20.0,https://archiveofourown.org/works/5799241,"Alternate Universe, Alternate Universe - College/University, American Football, Ballet, Accidental Cuddling, Spooning, Tutoring, Alternate Universe - Fraternity, Frat Boy Harry, Dancing, Lapdance, Grinding, Bets & Wagers, Shower Sex, Laughter During Sex, Fluff and Angst, Smut, Kissing, Texas, California, Costumes, Autumn, Making Out, Anal Sex, Anal Fingering, Rimming, Ankles, Brief Violence, Ableist Language, Sexist Language, Homophobic Language, Ignorant Language, Blackouts, Drinking, Netflix and Chill, Starbucks, Baristas, Vomit, Running, Enemies to Friends to Lovers, Athlete Harry, Smart Louis, Sexting, Theatre, Bisexuality, Pansexual Character, daddy mention, Therapy, Mention of Panic Attacks, Updated 1/29/16"
594147,Learning to Breathe,one_direction,fluff,5246,20,110524,5526,89,4.5,https://archiveofourown.org/works/594147,"Alternate Universe - College/University, Alternate Universe - Football, Unresolved Sexual Tension, Fluff and Angst, First Time, Flashbacks, Secret Relationship, Hate to Love, Reconciliation, Minor Zayn Malik/Liam Payne, Unresolved Romantic Tension, Unresolved Emotional Tension, Friends to Lovers, Het (minor), Liam/OFC (minor), False Pregnancy, Coming of Age, Sexuality Crisis, Coming Out, American writing British school system BLESS"
8318785,Never Be,one_direction,fluff,7624,6,118048,19675,119,19.8,https://archiveofourown.org/works/8318785,"Alternate Universe - College/University, Study abroad au, shared POV, Angst, Fluff, Smut, Bottom Louis, Top Harry, Hand Jobs, Blow Jobs, Anal Sex, Happy Ending, Strangers to Friends to Lovers, is that a tag, It is now, Pining"
1903281,so keep my candle bright,one_direction,fluff,4958,7,79079,11297,112,16.0,https://archiveofourown.org/works/1903281,"Religion, small town, Coming Out, Secret Relationship, Homophobia, got some fluff with a side of angst and lots of smut"
1234030,Dreaming of You,one_direction,fluff,6341,9,68698,7633,146,16.2,https://archiveofourown.org/works/1234030,"Fluff, a smidgen of angst, Pining, lots of pining, begrudgingly falling in love, friend drama, Jealousy, Bitterness, lots of emotions, but lots of happiness, light humor"
5924089,To the Ends of the Earth,one_direction,fluff,7900,2,68613,34306,40,20.0,https://archiveofourown.org/works/5924089,"Canon Compliant, Love/Hate, Pining, Recreational Drug Use, Smut, Fluff, Spanking, Barebacking, Angst"
3560306,In Dreams,one_direction,fluff,6656,1,23752,23752,20,20.0,https://archiveofourown.org/works/3560306,"Alternate Universe - Neighbors, Tattoos, Teacher Harry, Sharing a Bed, Cuddling & Snuggling, Kissing, Morning Cuddles, Morning Wood, Flirting, Friends to Lovers, Secret Admirer, Frottage, Nipple Piercings, Piercings, Tattoo Artist Louis, Anal Sex, Banter, Fluff, Ass to Mouth, Come Eating, Felching, Long Hair, Spanking, Punk Louis, Laughter, Laughter During Sex"
5090168,led by your beating heart,one_direction,fluff,13588,2,33683,16842,40,20.0,https://archiveofourown.org/works/5090168,"Alternate Universe - Non-Famous, Famous Harry, Non-Famous Louis, Rimming, Frottage, Sexual Content, Flirting, Banter, Coming Out, Fluff"
1643540,Nicotine,one_direction,fluff,6941,1,32376,32376,20,20.0,https://archiveofourown.org/works/1643540,"Alternate Universe - High School, Fluff, a bit of angst, Smut, Blow Jobs, Hand Jobs, Rimming, Frottage, Nipple Play, Anal Fingering, Anal Sex, First Time, Friends With Benefits, Friends to Lovers, Bad Boy Harry, (don't get the wrong idea about that he's not a dick), Drama Student Louis, One Huge Cliché, Bottom Louis"
1117942,Relief Next To Me,one_direction,fluff,17203,25,333705,13348,496,19.8,https://archiveofourown.org/works/1117942,"Craigslist, Oral Sex, Friends With Benefits, Fluff and Smut, Alternate Universe, Rimming, Baked Goods, Laughter, Laughter During Sex, Tickling, Hand Jobs, Cuddling, Kissing, Making Out, Snogging, Blow Jobs, Car Sex, Massage, Ass Play, Ass to Mouth, Felching, Foot Massage, Anal Sex, Anal Fingering, Bubble Bath, Phone Sex, Recreational Drug Use, Past Drug Use"
10722285,Chasing Empty Spaces,one_direction,fluff,5848,10,79286,7929,145,14.5,https://archiveofourown.org/works/10722285,"Alternate Universe - Historical, Alternate Universe - 1930s, Alright so here we go with another blast from the past fic, Harry is to inherit a tobacco firm, Louis is a mechanic, and they meet at a club, there is going to be, Angst, and a touch of, Fluff, and as always, All the Smut"
2853293,don't make this easy (i want you to mean it),one_direction,fluff,7579,1,24225,24225,20,20.0,https://archiveofourown.org/works/2853293,"Alternate Universe - College/University, Alternate Universe - Fraternity, Fluff, Angst, Smut, Drunken Confessions, a lot of drinking actually, lots of parties and stuff cause frat, Love/Hate, Enemies to Friends to Lovers"
2079069,cause all that you are is all that i'll ever need,one_direction,fluff,5787,5,128958,25792,100,20.0,https://archiveofourown.org/works/2079069,"Smut, Blowjobs, Rimming, Fingering, Anal Sex, Feminization, Crossdressing, Exhibitionism, Spanking, Bottom!Harry, but hey louis does get some bum action too, AU, Alternate Universe, Panty Kink, idek, Angst, Fluff, ot5 roadtrip er'body, Daddy Kink, Food Play, ALL THE GOOD STUFF, gagging, Ableism, Nipple Play, Anal Fingering, Trigger Warning: past rape/abuse"
3237521,After Hours,one_direction,fluff,6046,1,26774,26774,20,20.0,https://archiveofourown.org/works/3237521,"I think it's fluffy?, You've Got Mail AU, Enemies to Friends to Lovers"
8155646,Pinkies Never Lie,one_direction,fluff,5327,7,83700,11957,136,19.4,https://archiveofourown.org/works/8155646,"Friends With Benefits, Friends to Lovers, Photographer Harry, Baker Harry, Angst, Fluff, Smut, Anal Sex, Blow Jobs, Hand Jobs, Rimming, Light Bondage, Dom/sub Undertones, Bottom Louis, Top Harry"
6805309,The Night Sky is Changing Overhead,one_direction,fluff,6024,11,124080,11280,94,8.5,https://archiveofourown.org/works/6805309,"Chaptered, Fluff and Smut, Dom/sub, Light Dom/sub, Daddy Kink, Complete"
2723093,Wild And Unruly,one_direction,fluff,10850,9,124247,13805,180,20.0,https://archiveofourown.org/works/2723093,"Well Harry is a cowboy, and Louis thinks he's a city boy through and through, Zayn is the hottest lawyer, Anne is a BFD, Niall has brown hair, and is his normal delightful self, Liam is both learning and teaching, Implied/Referenced Homophobia, (very light), (you might say 'period typical' since it's set in the now), Fluff and Angst, not as much angst as liarb so take a deep breath in and out and feel the calm, what else, like all the smut tags, Masturbation, Hand Jobs, Blow Jobs, Anal Sex, Sex Toys, Rimming, and obviously, emotional cow births"
10167341,Dance to the Distortion,one_direction,fluff,6709,10,96890,9689,127,12.7,https://archiveofourown.org/works/10167341,"ALRIGHT FOLKS HERE WE GO WITH A, Fake/Pretend Relationship, Harry is a bit pretentious, Louis is a bit obnoxious, Niall is the one everyone really lives for because that hoe isnt problematic, liam is always too happy, zayn might be on xanax, who knows man, oh yeah and all angst, because this is a, Hate to Love, You heard me, and all the smut, and fluff, when in doubt rimjobs"
824818,These Roads We Stumble Down,one_direction,fluff,5233,1,18278,18278,20,20.0,https://archiveofourown.org/works/824818,"Road Trips, Hitchhiking, Fluff, Alternate Universe"
3426800,Your Mess Is Mine,one_direction,fluff,6448,20,176807,8840,318,15.9,https://archiveofourown.org/works/3426800,"Kid Fic, It's always kid fic with me, Famous Harry, Ordinary Louis, God I love that, Fluff and Angst, Tooth-Rotting Fluff, Past Drug Use, Single Dad Louis, Falling In Love, because that's all it really is., Non-Famous Louis, Friends to Lovers, Journalist Louis, Family Fluff, Pet Names, an abundance of pet names, Louis' son is named Noah, I felt that was important to add..."
781250,Don't Unplug Me Or Shut Me Down,one_direction,fluff,4915,1,7877,7877,20,20.0,https://archiveofourown.org/works/781250,"Alternate Universe, nerd!Louis, photographer!harry, Lilo (friendship), Fluff"
6136386,Whirlwind,one_direction,fluff,5924,1,21336,21336,20,20.0,https://archiveofourown.org/works/6136386,"Alternate Universe, Famous Harry, Non-Famous Louis, Actor Harry, Teacher Louis, Spring Fling, Reunions, Fluff, Cuddling & Snuggling, Laughter, Football Coach Louis, Making Out, Snogging"
2792447,Fugue,one_direction,fluff,6752,1,16501,16501,20,20.0,https://archiveofourown.org/works/2792447,"happy ending guaranteed, like it's angsty and whatnot because he forgets, but then it's happy because they fall in love all over again, with lots of sex along the way of course, and kid fluff oh god the kid fluff, someone give Harry a baby (I gave him two), Niam and Zerrie are mentioned in passing, Fluff, Angst, Smut, Kidfic, rockstar Louis, Fan Harry, Domestic Larry, Christmas, Birthday Sex, all the good stuff genuinely"
7566271,This Wicked Game,one_direction,fluff,8745,4,70262,17566,80,20.0,https://archiveofourown.org/works/7566271,"Bachelor AU, Alternate Universe, Anal Sex, Hand Jobs, Blow Jobs, Top Harry, Bottom Louis, Mentions Of Infidelity, Fluff, Smut"
997974,The One Where Harry Really Doesn't Have Ten Cats,one_direction,fluff,8251,1,10260,10260,20,20.0,https://archiveofourown.org/works/997974,"cats again, what can i say, Famous!Louis, Oblivious Harry, Alternate Universe, Fluff"
11712921,Can't Fool Me,one_direction,fluff,6358,2,30198,15099,40,20.0,https://archiveofourown.org/works/11712921,"Alternate Universe - College/University, Alternate Universe - Fraternity, Frat Boy Harry, Minor Violence, Recreational Drug Use, Fluff, Smut, Anal Sex, Rimming, Blow Jobs, Hand Jobs, Barebacking, Dom/sub Undertones, Bottom Louis, Top Harry"
9300008,Resist Everything Except Temptation,one_direction,fluff,5321,10,100287,10029,140,14.0,https://archiveofourown.org/works/9300008,"Alternate Universe - Pirate, Louis is the commodore's son, Harry is a fierce captain with gorgeous clothes, Steve is Louis' buddy but he's actually happy to be there, Zayn is quartermaster, Niall is the sailing master because he steers this gay ass ship, Liam is strong and blah blah, Gemma is a badass, There is allusion to violence and blood but it's really not bad, No main charachter's die so just enjoy the angst and roll with it, Twisted and Fluffy Feelings, All the Smut, Chaptered, Complete, Alternate Universe - Historical"
5828539,7 Up,one_direction,fluff,5009,5,52161,10432,72,14.4,https://archiveofourown.org/works/5828539,"Friends to Lovers, Growing Up Together, Fluff, Angst, Smut, Hand Jobs, Blow Jobs, Anal Sex, Domestic, Bottom Louis, Top Harry, Pining, First Time, Harry's POV, Death, I promise I wouldn't have included it if it wasn't tasteful, and it's not tragic, I wouldn't do that to you people, adding the death tag because some people requested it, Alternate Universe"
4034197,Escapade,one_direction,fluff,27261,5,146306,29261,100,20.0,https://archiveofourown.org/works/4034197,"Minor Character Death, Prostitution, Fluff and Smut, Laughter During Sex, Slow Build, Weddings, Strippers & Strip Clubs, Recreational Drug Use, Kissing, Sharing a Bed, Accidental Cuddling, Fake/Pretend Relationship, Rimming, Anal Sex, Anal Fingering, Shower Sex"
899930,nothing else but us right here,one_direction,fluff,11032,1,35403,35403,20,20.0,https://archiveofourown.org/works/899930,"Kid Fic, Teacher AU, Single Dad Louis, primary school teacher harry, mentions of past louis/eleanor while louis was closeted, gratuitous aquarium scenes, Fluff"
14805297,black versus blue,bts,hurt_comfort,14770,12,41193,3433,220,18.3,https://archiveofourown.org/works/14805297,"Alternate Universe - Soulmates, Soulmates, Kim Taehyung | V & Park Jimin are Best Friends, Kim Taehyung | V is a Sweetheart, Hurt Kim Taehyung | V, Misunderstandings, Fluff, Angst with a Happy Ending, Eventual Smut, Chatting & Messaging, jk is a muscle bunny and tae kicks ass, Fluff and Angst, Angst and Fluff and Smut, all da feels, Doctor Kim Taehyung | V, Doctor/Patient, Motorcycles, Time Skips, Hurt/Comfort, Top Jeon Jungkook, Bottom Kim Taehyung | V, Anal Sex, Smut, Blow Jobs, Angst, Emotional Hurt/Comfort"
5773954,Maybe we can be (each other's company),bts,hurt_comfort,10119,10,57442,5744,195,19.5,https://archiveofourown.org/works/5773954,"Idol!AU, fan account!au, basically tae takes pics of jeon the idol n posts them, mentions of insecurity, Smutty stuff, Explicit Language, Explicit Sexual Content, jimin has a potty mouth js, platonic vmin, Fluff, More tags to be added, Dom/sub Undertones, Hurt/Comfort, Angsty Stuff, side polyamory, LGBTQ+ characters"
8734000,longing: a yearning desire,bts,hurt_comfort,10383,11,43676,3971,200,18.2,https://archiveofourown.org/works/8734000,"Alternate Universe - Soulmates, Dancing, Fluff, Misunderstandings, Romance, Emotional Hurt/Comfort, Happy Ending, Mute Jimin, Coming Out, Shy Jeon Jungkook, Flirty Jimin, Mental Health Issues, OT7 Friendship, Implied/Referenced Child Abuse, Angst, Smut, Yoonseok - Freeform, Vmon - Freeform, Past Infidelity, Angst with a Happy Ending, Top Jeon Jungkook, Bottom Park Jimin"
17966153,Chemistry,bts,hurt_comfort,10891,11,201352,18305,219,19.9,https://archiveofourown.org/works/17966153,"Alternate Universe - College/University, Tutor Jungkook, Confident Kim Taehyung | V, Rich Kim Taehyung | V, Bad Flirting, Enemies to Lovers, (kind of), Track Athlete Jungkook, side yoonminseok, side namjin, Sexual Tension, Fluff, Smut, Anal Sex, Blow Jobs, Hand Jobs, Top Kim Taehyung | V, Bottom Jeon Jungkook, Drug Use, Underground Fighter Min Yoongi | Suga, Angst, Mentions of past verbal abuse, Minor Violence, Hurt/Comfort, Angst with a Happy Ending, mentions of child abuse"
17170835,Imprints (For the Boys in the Back),bts,hurt_comfort,11151,3,53309,17770,60,20.0,https://archiveofourown.org/works/17170835,"post-college!AU (i guess), struggling-actor!Seokjin, producer!namjoon, Fuckbuddies to boyfriends, side yoonmin, Existential Angst, past Seokjin/OC, past Namjoon/OC, Learning How To Love Yourself, Praise Kink, also namjoon calling seokjin baby is a kink, as in NJ calls Seokjin baby approx 500 times and i am into it, jimin: the chaotic gay, IS THAT ENOUGH, wait, Hurt/Comfort, Mild Angst, Medium angst?, Phone Sex, Falling In Love, Friends With Benefits, boys that are bad with feelings, Alternate Universe - Modern Setting, everyone else in the bg shipping the shit out of namjin, one night stand!au"
7317211,tear the moon from the stars tonight,bts,hurt_comfort,11398,3,46382,15461,60,20.0,https://archiveofourown.org/works/7317211,"Joseon Era AU, Historical AU, Slave!Jimin, Noble!Yoongi, Angst, Hurt/Comfort, Past physical and emotional Abuse, Homophobia, First Times, Forbidden Love, Very Very Slow Burn, Anxiety, ableist slurs, mentions of past prostitution but rly nondescriptive, Explicit Sexual Content, Bottom Yoongi, Top Park Jimin"
31268546,Whispers and Sunlight,bts,hurt_comfort,15826,12,152697,12725,240,20.0,https://archiveofourown.org/works/31268546,"Prince Park Jimin (BTS), Alpha/Beta/Omega Dynamics, Alpha Jeon Jungkook, Omega Park Jimin (BTS), Royalty, Forbidden Love, Sneaking Around, Mating Cycles/In Heat, Class Issues, Social Issues, Explicit Sexual Content, Prince Kim Namjoon | RM, Mutual Pining, Emotional Hurt/Comfort, Abusive Parents, that would be Jimin's shitty father, side taegi, side namjin, Angst with a Happy Ending, Minor Original Character(s), Tags May Change, Tags Are Fun, are they really though"
6573274,i like how desperate you seem (in the way you look at me),bts,hurt_comfort,18275,11,185809,16892,220,20.0,https://archiveofourown.org/works/6573274,"Alpha/Beta/Omega Dynamics, Alternate Universe - Werewolf, Pack Hierarchy, Possessive Behavior, Werewolf Mates, Blood and Injury, Werewolf Healing, Unresolved Sexual Tension, Unresolved Romantic Tension, Violence, Jealousy, Scent Marking, Scenting, Making Out, Frottage, Cum Marking, Miscommunication, Slow Burn, Fluff, Hand Jobs, Confessions, Self-Lubrication, Mpreg, Blow Jobs, Rimming, Dirty Talk, Facials, Dom/sub Undertones, Light Humiliation, Biting, Marking, Hurt/Comfort, Angst, Attempted Sexual Assault, attempted forced bonding, Ass Play, Subspace, Sexual Harassment, Anal Fingering, Squirting, Intercrural Sex, Kink Negotiation, Stalking, Begging, Teasing, Multiple Orgasms, Knotting, Wet & Messy, Feminization, Dry Humping, 69 (Sex Position), Orgasm Denial, Verbal Humiliation, Snowballing, Anal Fisting, Anal Sex, Mating Cycles/In Heat, Mating Bites, Somnophilia, Breeding, Stomach Bulge, Rough Sex, Jeon Jungkook Has a Big Dick"
22428592,Magic Under The Moonlight,bts,hurt_comfort,13934,13,185186,14245,260,20.0,https://archiveofourown.org/works/22428592,"Alternate Universe - Vampire, Alternate Universe - Supernatural Elements, Vampire Kim Seokjin | Jin, Vampire Min Yoongi | Suga, Vampire Jung Hoseok | J-Hope, Vampire Kim Namjoon | RM, Vampire Park Jimin (BTS), Vampire Kim Taehyung | V, Human Jeon Jungkook, Polyamory, Protective Bangtan Boys, Protective Hyungs, Jeon Jungkook is a Sweetheart, BTS is Soft For Jungkook, Human/Vampire Relationship, Vampire Bites, Blood Drinking, Blood Bond, Courtship, Major Character Injury, Minor Character Death, Emotional Hurt/Comfort, Fluff and Angst"
26638507,rough hands,bts,hurt_comfort,11892,1,31842,31842,20,20.0,https://archiveofourown.org/works/26638507,"Alpha/Beta/Omega Dynamics, Alternate Universe - Werewolf, Mating Cycles/In Heat, Mild Sexual Content, Hurt/Comfort, Pack Dynamics, Scenting, Angst with a Happy Ending, Threats of Rape/Non-Con, Implied/Referenced Rape/Non-con, Sexual Harassment, Attempted Sexual Assault, Jealousy, Violence, Blood and Injury, Wet Dream, Minor Character Death, Killing, Suicidal Thoughts"
26998771,Blind Switch,bts,hurt_comfort,10740,14,226702,16193,280,20.0,https://archiveofourown.org/works/26998771,"Alternate Universe - Farm/Ranch, Alternate Universe - Horse Racing, Jockey Jeon Jungkook, Spoiled Park Jimin (BTS), Angst, Humor, Romance, Fluff, Enemies to Friends to Lovers, Slow Burn, Opposites Attract, Eventual Smut, Top Jeon Jungkook, Bottom Park Jimin (BTS), Park Jimin is a Little Shit (BTS), Jeon Jungkook is Bad at Feelings, Park Jimin is Bad at Feelings (BTS), Alcohol, Implied/Referenced Drug Use, References to Depression, Family Issues, Happy Ending, Hurt/Comfort, Sexual Tension, Mutual Pining, Emotional abuse (not between jikook but from shitty parents)"
14916719,ELLIPSISM,bts,hurt_comfort,16056,11,72335,6576,220,20.0,https://archiveofourown.org/works/14916719,"A silent voice AU, yoonmin, jihope - Freeform, Heavy Angst, Suicidal Thoughts, koe no katachi - Freeform, taekook, yoonminseok - Freeform, Angst and Hurt/Comfort, Mental Health Issues, Depression, Anxiety Attacks, Enemies to Friends to Lovers, jeongguk is very sad, pls protect him, he just needs his banana milk, Kim Taehyung | V is Bad at Feelings, Bullying, suicidal thoughts and attempt, Past Child Abuse, Hopeful Ending, New Beginnings"
30977288,Love as Fast as Light,bts,hurt_comfort,13565,5,67885,13577,100,20.0,https://archiveofourown.org/works/30977288,"Singer Jeon Jungkook, Yoga Instructor Park Jimin (BTS), Dance Instructor Park Jimin (BTS), Fake/Pretend Relationship, Best Friends to Lovers, Fluff and Hurt/Comfort, Pining, so much pining dear god, the author has injected her own terrible sense of humor, Sexual Tension, Explicit Sexual Content, Switch Jeon Jungkook, Switch Park Jimin (BTS), side taegi, side namseok, Oblivious Jeon Jungkook, literally jungkook is just... god bless, past minimoni, Mentions of Anxiety, cliches everywhere but you'll feel warm and fuzzy I bet, Tags Are Fun, see that I said tags are fun and we call that growth"
22128985,You Can Dance in a Hurricane,bts,hurt_comfort,11681,11,263466,23951,220,20.0,https://archiveofourown.org/works/22128985,"Alternate Universe - College/University, Alternate Universe - Sports, Alternate Universe - Stripper/Exotic Dancer, Basketball Player Jeon Jungkook, Dancer Kim Taehyung | V, Stripper Kim Taehyung | V, Childhood Friends, Enemies to Lovers, Mutual Pining, Sexual Tension, Kim Taehyung | V is a Brat, Fluff, Angst, Mentions of Cancer, Hurt/Comfort, Jeon Jungkook is Older Than Kim Taehyung | V, Homophobic Language, Drug Use (Dubious Consent), Top Jeon Jungkook, Bottom Kim Taehyung | V, Slut Shaming, Lingerie, Choking, Spanking, the smut is 90 percent banter 10 percent smut honestly, Sex under the influence (not between taekook), (can be seen as noncon because taehyung is inebriated please read with caution)"
21163574,When Night Comes,bts,hurt_comfort,22842,11,114886,10444,220,20.0,https://archiveofourown.org/works/21163574,"Romance, Drama, Fluff, Hurt/Comfort, Emotional Hurt/Comfort, Alternate Universe - Creatures & Monsters, Alternate Universe - Supernatural Elements, Alternate Universe - Magic, Mythical Beings & Creatures, Human Jeon Jungkook, everyone else is very not human, Magic, Polyamory, Falling In Love, Protective Bangtan Boys, Slow Burn, Slow Build, OT7, Sickfic, Violence, Blood and Injury, Post-Traumatic Stress Disorder - PTSD, Families of Choice"
48209086,Under the Blood Moon,bts,hurt_comfort,11382,4,48480,12120,80,20.0,https://archiveofourown.org/works/48209086,"Alpha/Beta/Omega Dynamics, Alpha Jeon Jungkook, Omega Park Jimin (BTS), Top Jeon Jungkook, Bottom Park Jimin (BTS), Pack Dynamics, Mating Rituals, Mating Bites, Dubious Consent, Violence, Enemies to Lovers, Angst, Explicit Sexual Content, Knotting, Fluff and Angst, Fluff and Smut, Mpreg, Scent Marking, mating hunt, Hurt/Comfort, Possessive Behavior, Possessive Jeon Jungkook, Jealousy, Submission, Biting, Jealous Jeon Jungkook, Crying, Traditional Pack Setting, Sexual Tension"
17844986,the universe has moved for us,bts,hurt_comfort,20235,1,30224,30224,20,20.0,https://archiveofourown.org/works/17844986,"Alpha/Beta/Omega Dynamics, Mpreg, Neighbors, Teacher Park Jimin (BTS), Fluff, Hurt/Comfort, Light Angst, Smut, Sexual Assault, Tattoos, Smoking, Courting Rituals, Confessions, Scenting, Massage, Pregnant Sex, Lactation Kink, Male Lactation, Rimming, Knotting, Dirty Talk, Multiple Orgasms, Masturbation, Minor Kim Namjoon | RM/Min Yoongi | Suga, Barebacking"
11618175,Petals and Ink,bts,hurt_comfort,21635,18,134374,7465,360,20.0,https://archiveofourown.org/works/11618175,"Florist Park Jimin, Tattoo Artist Min Yoongi | Suga, flower shop/tattoo AU, Neighbors, Slow Burn, Verbal Abuse, Bigotry & Prejudice, Fluff, Hurt/Comfort, Angst, Eventual Smut"
11114343,The Omega Revolution,bts,hurt_comfort,17445,16,157984,9874,320,20.0,https://archiveofourown.org/works/11114343,"Alternate Universe - Dystopia, Alpha/Beta/Omega Dynamics, Developing Relationship, Hurt/Comfort, Power Dynamics, Mating Cycles/In Heat, Scenting, Mpreg, Male Lactation, Breeding, Implied/Referenced Sexual Assault, Violence, Background Kim Namjoon/Jung Hoseok, Background Kim Taehyung/Kim Seokjin, Omega Park Jimin, Alpha Jeon Jungkook, Minor Character Death"
17010603,you love me better than i've known before,bts,hurt_comfort,11704,1,16868,16868,20,20.0,https://archiveofourown.org/works/17010603,"Alternate Universe - Werewolf, Alternate Universe - Fantasy, Magic, Hurt/Comfort, Scenting, Minor Violence, Blood, Fluff, Found Family, Minor Kim Namjoon | RM/Min Yoongi | Suga, blink and you miss it sechung, ioi members, Implied Sexual Content, Brief slut-shaming, Past Rape/Non-con, Alpha/Beta/Omega Dynamics, Serious Injuries"
14673273,A Home in You,bts,hurt_comfort,15426,12,116308,9692,240,20.0,https://archiveofourown.org/works/14673273,"yoonmin, Alpha/Beta/Omega Dynamics, Alternate Universe - Dystopia, Alternate Universe - Future, Near Future, Romance, Eventual Romance, Drama & Romance, Slow Burn, Slow Build, Slow Romance, Eventual Smut, Fluff, Fluff and Angst, Eventual mpreg, Implied/Referenced Rape/Non-con, Past Rape/Non-con, (nothing graphic) - Freeform, Past Trauma, Trust Issues, Blood and Violence, Weapon Violence, Escape, Hospitals, Medical Experimentation, Angst, Hurt and comfort, dark themes, Angst with a Happy Ending, Emotional Healing, Alpha Min Yoongi | Suga, Omega Park Jimin, Protective Min Yoongi | Suga, Damaged Jimin, Top Min Yoongi | Suga, Bottom Park Jimin, Mating Cycles/In Heat, Misunderstandings, Panic Attacks, Rimming, Anal Fingering, Anal Sex, Knotting, Love Confessions, Mpreg, Minor Character Death, Other Additional Tags to Be Added"
14833428,let the light in,bts,hurt_comfort,11165,6,66180,11030,120,20.0,https://archiveofourown.org/works/14833428,"Alternate Universe - Magic, Alternate Universe - Magical Realism, Developing Relationship, Hurt/Comfort, Angst, Slow Burn, Mute Min Yoongi | Suga, Friends to Lovers, Everyone is magical, and living in New York City, Families of Choice, so much magic, Queerplatonic Relationships, Alternate Universe - Modern with Magic, past emotional abuse, mentions of a past abusive relationship, Asexual Park Jimin, OT7 - Friendship - Freeform"
37953676,No Love Zone,bts,hurt_comfort,10204,23,249067,10829,452,19.7,https://archiveofourown.org/works/37953676,"Alternate Universe - Fantasy, Hybrids, Human Jeon Jungkook, Tiger Hybrid Kim Taehyung | V, Emotional Hurt/Comfort, Morally Ambiguous Character, Violence, Alternate Universe - Mob, Fluff and Angst, Abuse, Jeon Jungkook is Bad at Feelings, shape-shifting, Slow Burn, Hurt No Comfort, individual chapter warnings, Other Additional Tags to Be Added, Business Gangster Jungkook, Choking, Coercion, Emotional Manipulation, Betrayal, graphic description of violence, Heavy Angst, Kim Taehyung | V is Bad at Feelings, Derogatory Language, Guns & Knives, Toxic Characters, Toxic Relationships, Predator/Prey, Hurt Kim Taehyung | V, Hurt Jeon Jungkook, Unreliable Narrator, age gap, Heats, Sex Toys, Anal Fingering, Overstimulation, Multiple Orgasms"
16156838,"until the spring comes again, until the flowers bloom again (stay here a little longer)",bts,hurt_comfort,14584,20,141982,7099,396,19.8,https://archiveofourown.org/works/16156838,"Alternate Universe - Werewolf, Alpha/Beta/Omega Dynamics, Alpha Jeon Jungkook, Omega Park Jimin, Angst, Hurt/Comfort, Enemies to Friends to Lovers, Minor Character Death, Jeon Jungkook is Bad at Feelings, but Park Jimin is also Bad at Feelings, Smut, Anal Sex, Anal Fingering, Rimming, Dirty Talk, Multiple Orgasms, Overstimulation, Some Fluff"
10489182,The Jeon Pack,bts,hurt_comfort,16060,12,70537,5878,240,20.0,https://archiveofourown.org/works/10489182,"Alpha/Beta/Omega Dynamics, Pining, Top Jeon Jungkook, Bottom Park Jimin, Fluff, violance, Alternate Universe - Werewolf, Smut, Alpha Jeon Jungkook, Omega Park Jimin, Angst, Minor Character Death, Implied/Referenced Rape/Non-con, Mentions of Slavery, Mpreg, Misunderstandings, the implied non con isnt between jikook, Enemies to Lovers, (on jimin's side only), Murder, Jealousy, Hurt/Comfort"
28744248,Like Everything Glows,bts,hurt_comfort,16255,10,179851,17985,200,20.0,https://archiveofourown.org/works/28744248,"Aquatic Veterinarian Jungkook, Merman Jimin, Alternate Universe - Merpeople, Mythical Beings & Creatures, Strangers to Lovers, Slow Build, INCREDIBLY SLOW BURN, a hell of a lot of world building, Emotional Hurt/Comfort, Light Angst, Eventual Smut, Minor Violence, mildly graphic content, Jeon Jungkook is a Sweetheart, Jimin is a curious little thing, side hopekook that's so soft please trust me, side namgi, side taejin, Mating, Mating Bond, Soul Bond, marine biologist namjoon, Genius Min Yoongi | Suga, Aquarist Hoseok, taejin are mermen, look there's just a lot of marine aquatic shit going on here, suspend your beliefs for just a moment, this shit is both soft and self indulgent, Jungkook has no idea what to do with Jimin tbh, Jimin just wants to learn about humans, just trust me, Happy Ending, Additional Warnings In Author's Note, Tags Are Fun, bet you didn't see THAT one coming huh!"
29018217,Loving you is; Blue & Grey,bts,hurt_comfort,10309,13,113560,8735,260,20.0,https://archiveofourown.org/works/29018217,"Friends With Benefits, Unrequited Love, Explicit Sexual Content, Angst, Emotional Hurt/Comfort, Jealousy, Misunderstandings, Canon Compliant, One-Sided Attraction, Possessive Behavior, Bottom Kim Taehyung | V, Top Jeon Jungkook, Taekook and Yoonmin both are main couple, Slow Build, Fake/Pretend Relationship, Explicit Language, Miscommunication, Top Min Yoongi | Suga, Bottom Park Jimin (BTS), Dirty Talk, Oral Sex, Spanking, Kink Negotiation, Lace, Crossdressing, Angst with a Happy Ending"
33349960,Stories Above Concrete,bts,hurt_comfort,12438,8,100535,12567,160,20.0,https://archiveofourown.org/works/33349960,"Writer Park Jimin (BTS), Artist Jeon Jungkook, illustrator extraordinaire to be exact, Amnesia, Memory Loss, Social Anxiety, Anxiety Attacks, ok that looks like a lot but TRUST ME, Strangers to Lovers, Emotional Hurt/Comfort, Slow Burn, Feelings Realization, Warm and Fuzzy Feelings, Explicit Sexual Content, Falling In Love, Happy Ending, there is a dog and you will like him more than the humans in this fic, yoonkook are platonically in love, You might want to bring Tissues, The Author Regrets Nothing"
12304674,maybe i'm fine with being by myself,bts,hurt_comfort,12480,12,88663,7389,226,18.8,https://archiveofourown.org/works/12304674,"Angst and Hurt/Comfort, Implied/Referenced Suicide, References to Depression, Alternate Universe - High School, Jungkook's kinda an asshole at first, But he just wants to protect Tae, This fic gets pretty heavy, Still quite a bit of fluff, Slow(ish) Burn, Whipped!Jungkook, Physical Abuse, Emotional/Psychological Abuse, Self-Harm, Eating Disorders, Angst with a Happy Ending"
12297168,Up We Go,bts,hurt_comfort,16094,12,100509,8376,240,20.0,https://archiveofourown.org/works/12297168,"Romance, Angst, Angst with a Happy Ending, Magic, Witches, Witchcraft, Alternate Universe - Fantasy, Alternate Universe - Modern with Magic, Alternate Universe - Witchcraft, References to Depression, Anxiety, Implied/Referenced Character Death, Polyamory, Hurt/Comfort, Slow Build, Slow Burn, Families of Choice, Grief/Mourning, Depression"
13249167,Blood & Chocolate,bts,slow_burn,9370,2,35883,17942,40,20.0,https://archiveofourown.org/works/13249167,"Mafia AU, Alternate Universe - Canon Divergence, alternative universe, Prostitute Park Jimin, Fluff, Fluff and Angst, Angst, Sex Work, Prostitution, Lapdance, Teasing, Overstimulation, Hand Jobs, Orgasm Delay/Denial, Begging, Top Jeon Jungkook, Bottom Park Jimin, Implied/Referenced Abuse, Dirty Talk, Humiliation Kink, Strength Kink, Competitive Jikook, Sexual Harassment, Physical Abuse, Food Play, Nipple Play, Pet Names, Grinding, Dry Humping, Aftercare, breath play, Unresolved Sexual Tension, Slow Burn, Slow Build, Minor Character Death, Attempted Rape/Non-Con, Rimming, Blow Jobs, Anal Sex, Multiple Orgasms, Biting, Anal Fingering, Wall Sex, Implied/Referenced Rape/Non-con, Porn With Plot"
11071215,Unfamiliars,bts,slow_burn,8226,8,27239,3405,152,19.0,https://archiveofourown.org/works/11071215,"Alternate Universe - Magic, Alternate Universe - Shapeshifters, Cat Hybrid Min Yoongi | Suga, except he's a literal cat lol, Fluff, Slow Burn, Pining, Witch Kim Seokjin | Jin, Magical Realism, why is this so hard to tag, Other Additional Tags to Be Added, Jeon Jungkook is a Sweetheart, Meet-Cute, Loneliness, Swearing, Light Angst, slight mention of a hurt puppy leg but everyone is fine and happy!!!, Sad Jung Hoseok | J-Hope, depression probably, Fluff and Hurt/Comfort, Magical Accidents, Hybrids, Eventual Smut, Eventual Romance, Fluff and Smut, Cats, so much kissing honestly"
12195234,Promises to Keep (and Miles to Go Before We Sleep),bts,slow_burn,8892,1,31955,31955,20,20.0,https://archiveofourown.org/works/12195234,"Alpha/Beta/Omega Dynamics, Alternate Universe - Werewolf, Alpha Jeon Jungkook, Misunderstandings, Slow Burn, Sexual Tension, Anal Fingering, Blow Jobs, Come Marking, Fluff and Smut, Claiming Bites, Knotting, Top Jeon Jungkook, Bottom Kim Taehyung | V"
10933323,Soulmates,bts,slow_burn,11327,15,59060,3937,189,12.6,https://archiveofourown.org/works/10933323,"Alpha/Beta/Omega Dynamics, Alpha Jeon Jungkook, Omega Kim Taehyung | V, Soulmates, Past Rape/Non-con, singer!Jungkook, student!taehyung, platonic taegi, Slow Burn, Non-Consensual Drug Use, Pining, Imprinting, Explicit Sexual Content, Scents, Taehyung over-thinks everything, Jeon Jungkook is a Little Shit, but he's also confused, Angst, Overcoming Trauma"
12952950,All Your Glory,bts,slow_burn,9600,11,105178,9562,214,19.5,https://archiveofourown.org/works/12952950,"Sons of CEO's, Rivalry, Sexual Tension, Hate Sex, Forbidden Love, Enemies to Lovers, Lingerie, Pretentious, Rich - Freeform, People, Angst with a Happy Ending, Homophobic Language, Fathers Suck In This Fic, Slow Burn, Corruption, Yoonseok Are Boyfriends"
25352155,Park Jimin's Guide to Good Housekeeping,bts,slow_burn,12769,20,236930,11846,400,20.0,https://archiveofourown.org/works/25352155,"Alternate Universe - Magic, Mythical Beings & Creatures, Bureaucracy, Enemies to Friends to Lovers, Park Jimin (BTS)-centric, Jeon Jungkook is Bad at Feelings, Slow Burn, Unreliable Narrator, Bottom Park Jimin (BTS), Top Jeon Jungkook, Jeon Jungkook is a Brat, Kim Taehyung | V is a Little Shit, Sassy Park Jimin (BTS), Park Jimin can't hold his tongue if he tried, Park Jimin just wants a day off, Someone please save me from this verbal sparring, Kim Taehyung is a force of nature, How is that not a tag, Park Jimin is a brownie, Min Yoongi is a sorcerer, everyone just needs to calm the hell down, Murder, Biting, Marking, Come Marking, Size Kink, Dirty Talk, Humiliation, but it's mild cuz im shy, Polyamory, but not jikook, Namtaegi - Freeform, Namjoon's detachable head, Jimin disaster gay, pain sundae, what the hell are these tags, Eventual Happy Ending, Temporary Character Death, Descriptions of war, Blood, Jeongguk's golden wings, Emotional Sex, Crying During Sex, but it's good, ;)"
12025704,흰 여름 ('White Summer'),bts,slow_burn,9437,6,24685,4114,115,19.2,https://archiveofourown.org/works/12025704,"non-au, suga pov, Multimedia, Mild Angst, Canon Compliant, Idol 'verse, with clear RM bias, Slow Burn, Realistic, Don’t copy to another site, Do not steal or re-post"
17241959,Nemesis: Love,bts,slow_burn,11364,18,84346,4686,360,20.0,https://archiveofourown.org/works/17241959,"Office Romance, Rivalry, Enemies to Lovers, Male Friendship, Slow Burn, Kim Taehyung | V & Park Jimin are Best Friends"
14840924,The Farthest Place,bts,slow_burn,10320,13,155627,11971,260,20.0,https://archiveofourown.org/works/14840924,"Alpha/Beta/Omega Dynamics, Alpha Min Yoongi | Suga, Omega Park Jimin, Angst, Mpreg, Alternate Universe - Historical, but no real setting, Alternate Universe - Royalty, Arranged Marriage, Mating Cycles/In Heat, Brave Park Jimin, Minor Character Death, Anal Sex, Prince Min Yoongi | Suga, Cheating, Kind Of, Other Additional Tags to Be Added, Rimming, Oral Sex, First Time, Slow Burn, Death, Illnesses, dark themes, Suicidal Thoughts"
20799524,Screwed Up and Brilliant,bts,slow_burn,8617,12,112884,9407,240,20.0,https://archiveofourown.org/works/20799524,"Escort JK, Eventual Smut, Top Park Jimin (BTS), Bottom Jeon Jungkook, Anal Sex, Slow Burn, Jealousy, VHope are cute together, Eventual Romance, minor choking kink, Slow Build, Namjin Are Basically Married, Yoongi Takes Forever to Show Up, Angst and Fluff and Smut, Strangers to Lovers, Protective Min Yoongi | Suga, Oral Sex, Jealous Behavior and Minor Manipulation, when I say slow burn I mean like multiple chapters of pain, One top/bottom switch moment so you'll be fine, A Hell of A Lot of Flirting"
7376881,You're So Special,bts,slow_burn,11752,12,88456,7371,236,19.7,https://archiveofourown.org/works/7376881,"Growing Up!AU, Friends to Lovers, Slow Burn, Fluff, Time Skips, Childhood Friends, Crack, Hijinks & Shenanigans, Pining, Underage Drinking, Light Angst, Alternate Universe - College/University, yoonminseok - Freeform, Implied Sexual Content"
22992613,symbiosis,bts,slow_burn,24905,18,228169,12676,360,20.0,https://archiveofourown.org/works/22992613,"Arranged Marriage, Strangers to Lovers, Rich Jeon Jungkook, Rich Kim Taehyung | V, Lawyer Kim Taehyung | V, Angst, Eventual Smut, Slow Burn, Sexual Tension, dick stepping, Jealousy, Office Sex, Face-Fucking, Hand Jobs, Road Head, Not Actually Unrequited Love, Family Issues, Angst with a Happy Ending, Vibrators, Semi-Public Sex, Exhibitionism, Minor Violence, Switch Jeon Jungkook, Switch Kim Taehyung | V, mentions of gambling"
11199906,International playboy (don't answer),bts,slow_burn,15271,23,137815,5992,460,20.0,https://archiveofourown.org/works/11199906,"Texting, Drunk Texting, Wrong number, Epistolary, because it sounds nicer, Dancer Park Jimin, Model Jeon Jungkook, Alternate Universe - College/University, Social Media, Polyamory, Enemies to Friends to Lovers, Slow Burn, Sexting, but only for a chapter!!, Explicit Sexual Content, Explicit Language, Praise Kink, Strength Kink, Rivals to Lovers, Complete, Breaking the Fourth Wall"
4382348,trust your heart if the seas catch fire,bts,slow_burn,10531,24,132167,5507,439,18.3,https://archiveofourown.org/works/4382348,"Parallel Universes, Pining, Alternate Universe - Non-Famous, Temporarily Unrequited Love, Slow Burn, Alternate Universe - Canon Divergence"
20224228,"little brave, breathe",bts,slow_burn,9292,21,100704,4795,368,17.5,https://archiveofourown.org/works/20224228,"Alternate Universe - Soulmates, Alternate Universe - Future, Found Family AU, Jeon Jungkook-centric, Jeon Jungkook is Bad at Feelings, Friends to Lovers, Polyamory, because soulmates can be more than just a pair of people, Slow Burn, Getting Together, Angst, Angst and Hurt/Comfort, Gangs, Gang Violence, hyungs being very protective of their maknae, Angst with a Happy Ending, ok cue the smut tags, Dirty Talk, Hand Jobs, Blow Jobs, Light Dom/sub, Sub Jeon Jungkook, Whiny Jeon Jungkook, Subdrop, Aftercare, Anal Sex, Anxiety, Panic Attacks, Comfort, Hurt/Comfort, Dom/sub Undertones, Multiple Orgasms, Oral Sex, Orgies, Group Sex"
17551634,Gusto d'Italia,bts,slow_burn,9484,18,80271,4460,354,19.7,https://archiveofourown.org/works/17551634,"Alternate Universe - Restaurant, Chef Yoongi, chef jungkook, Waiter Taehyung, Bartender Jimin, waiter hoseok, manager namjoon, Owner Seokjin, Slow Burn, Eventual Smut, Fluff, SO MUCH FLUFF, Perfectionist Yoongi"
7817539,Riptide,bts,slow_burn,8782,18,62563,3476,246,13.7,https://archiveofourown.org/works/7817539,"Canon Compliant, Getting Together, Friends to Lovers, Growing Up, Internalized Homophobia, Homophobia, Coming Out, Fluff and Angst, Pining, Happy Ending, Slow Burn, Gratuitous ocean metaphors, Sexuality Crisis, real soft"
20274367,cherub vice,bts,slow_burn,8275,9,118602,13178,180,20.0,https://archiveofourown.org/works/20274367,"Religious Conflict, End of the World, First Time, Internalized Homophobia, Homophobic Language, Self-Discovery, First Crush, Family Issues, Churches, Friendship/Love, Recreational Drug Use, Clubbing, Slow Burn, Alternate Universe, basically losing my religion but make it gay"
14707098,Fake Sugar,bts,slow_burn,25469,9,87675,9742,180,20.0,https://archiveofourown.org/works/14707098,"how to even categorize.., reverse... fake... sugar daddy au?, terrified fake sugar daddy jeon jungkook, supremely confident fake sugar baby/professional competitive eater kim seokjin, daddy kink goofs but no actual daddy kink, subversion of tropes? hopefully?, sidepairs bc hi it's me, Eventual Smut, Humor, Angst, buddy this shit got angsty, mentions of emotional abuse/brief domestic violence/ generally shitty dads, but the bad guys get what's coming to them, Angst with a Happy Ending, Slow Burn"
30372423,Eternal Instincts,bts,slow_burn,9477,19,63123,3322,326,17.2,https://archiveofourown.org/works/30372423,"Magic, Vampire Kim Seokjin | Jin, Vampire Kim Namjoon | RM, Vampire Park Jimin (BTS), Vampire Kim Taehyung | V, Vampire Min Yoongi | Suga, Vampire Jung Hoseok | J-Hope, Human Jeon Jungkook, Vampires, Sugar Daddy, Protective Hyungs, Protective Bangtan Boys | BTS, Jeon Jungkook is a Sweetheart, Lowkey tho ot6 got fucked up morals, but anyways, Cute Jeon Jungkook, Baby Boy Jeon Jungkook, OT7, Alternate Universe - Vampire, Slow Burn, Mates, True Mates, Jeon Jungkook-centric, I talk about Namjoons dimples a lot, im not ashamed of that but i thougjt id mention it, a truly UNGODLY amount of petnames just a warning"
9882227,spring day,bts,slow_burn,12392,13,71765,5520,257,19.8,https://archiveofourown.org/works/9882227,"Alpha/Beta/Omega Dynamics, Pack Dynamics, Alternate Universe - Soulmates, Slow Burn, Eventual Smut, EXO are side characters, Alpha Kim Namjoon | Rap Monster, Omega Kim Seokjin | Jin, Omega Kim Taehyung | V, Omega Park Jimin, Alpha Min Yoongi | Suga, Kim Taehyung | V & Park Jimin are Best Friends, Mating Cycles/In Heat, Mpreg, Beta Jung Hoseok | J-Hope"
14570388,"Just Say ""Yes"" (I'd Rather Have Everything Than Nothing At All)",bts,slow_burn,9660,3,23192,7731,60,20.0,https://archiveofourown.org/works/14570388,"Pre-Slash, Canon Compliant, Fluff, Misunderstandings, Soft Jeon Jungkook, Cuddling & Snuggling, Getting Together, Oblivious Kim Taehyung | V, Slow Burn, Jeon Jungkook is Whipped, He loves Taehyung so much, i cry, Angst, Adding that in there because there have been reports of tears"
15709230,with a taste of your lips (I'm on a ride),bts,slow_burn,8383,1,22234,22234,20,20.0,https://archiveofourown.org/works/15709230,"Alternate Universe - College/University, Social Media, Texting, Slow Burn, Eventual Smut, Internalized Homophobia, Light Angst, Light BDSM, Fluff and Smut, Makeup Artist Jimin, Masturbation, Blow Jobs, Anal Sex, Butt Plugs, Verbal Humiliation, Lipstick & Lip Gloss, Attempt at Humor"
19899313,New Romantics,bts,slow_burn,10030,20,193854,9693,400,20.0,https://archiveofourown.org/works/19899313,"Fake/Pretend Relationship, Fake Marriage, Fluff, Angst, Humor, Romantic Comedy, Alternate Universe - Modern Setting, Min Yoongi | Suga is Bad at Feelings, Park Jimin (BTS) is Bad At Feelings, Misunderstandings, There is a cat, her name is Madeleine, this is a classic fake relationship trope and i have no regrets, Hurt/Comfort, Minor Character Death, bad attempts at poetry, this is pretty much a korean drama tbh, theyre so gay, the most domestic story I have ever penned, Domestic Fluff, yoonmin are soft for each other, Mutual Pining, Slow Burn, Enemies to Friends to Lovers, Non-Explicit Smut, Hate to Love, Photographer Min Yoongi | Suga, Actor Park Jimin, Strangers to Lovers, Cohabitation, Eventual Smut, but tbh not sure if yoonmin wanna kiss or kill each other, Banter, Arranged Marriage, contract marriage, bed sharing, come for the plot stay for the cat"
23891185,Boxing the Stars,bts,slow_burn,9266,8,101892,12736,160,20.0,https://archiveofourown.org/works/23891185,"Art Student Jeon Jungkook, Barista Park Jimin (BTS), Bartender Park Jimin (BTS), he's both because he's a multitalented king, Switch Jeon Jungkook, Switch Park Jimin (BTS), switch legends look at them go I'm so proud, Strangers to Lovers, Slow Burn, Slow Build, Feelings Realization, Explicit Sexual Content, Falling In Love, Fluff and Smut, Emotional Hurt/Comfort, Eventual Romance, Mentions of Toxic Relationships, mentions of homophobia and discrimination, side Taegi that makes me happy af, side namjin, Hobi is the best roommate ever, Coffee Shops, Tattoos, Jeon Jungkook is Whipped, Park Jimin (BTS) is a Sweetheart, even if it doesn't look like it at first, anyways who's surprised that my tags are chaotic, Tags May Change, Tags Are Hard"
9931415,"summer, winter, spring (i'm falling for you)",bts,slow_burn,8492,4,41791,10448,80,20.0,https://archiveofourown.org/works/9931415,"Friends to Lovers, Alternate Universe - High School, Pining, Popularity, the social hierarchy of high schools, side yoonkook, very side namseok, Sports, Fluff, Underage Drinking, Brothers Taejin, Childhood Friends, Slow Burn"
17621345,a dose of salt,bts,slow_burn,9451,10,148600,14860,200,20.0,https://archiveofourown.org/works/17621345,"Alternate Universe - Medical, Medical Jargon, Medical Trauma, Medical Inaccuracies, Doctors & Physicians, Surgeons, Enemies to Lovers, Mentions of War, Post-Traumatic Stress Disorder - PTSD, Death, Hospitals, Blood, I'll add more tags as story progresses, Sex, Hook-Up, Slow Burn, Sexual Tension, Cocky Jeon Jungkook, Sassy Park Jimin (BTS), Eventual Smut?, Eventual Romance, Arguing, a lot of arguing, Angst, alternate universe - korea, Minor Character Death, it's a hospital after all, Barebacking, Smut, Rough Sex, Dirty Talk, Filthy, Yes taejin is a side ship but not really just a side ship cuz they have a full storyline too, Fluff, Falling In Love, Romantic Comedy"
33328558,Life Out Here,bts,slow_burn,8621,23,109332,4754,460,20.0,https://archiveofourown.org/works/33328558,"Mail Order Brides, Alternate Universe - Historical, Past Abuse, Past Rape/Non-con, Sexual Assault, Arranged Marriage, Farmer Min Yoongi | Suga, Farmer Kim Taehyung | V, Farmer Jung Hoseok | J-Hope, Alpha Min Yoongi | Suga, Omega Park Jimin (BTS), Alpha Jung Hoseok | J-Hope, Omega Kim Taehyung | V, Alpha Kim Namjoon | RM, Omega Jeon Jungkook, Alpha Kim Seokjin | Jin, Alpha/Beta/Omega Dynamics, except there are no betas, Historical Inaccuracy, Angst and Hurt/Comfort, Eating Disorder Not Otherwise Specified, Period-Typical Sexism, Non-Consensual Touching, Alternate Universe - Farm/Ranch, Slow Burn, Victim Blaming, Self-Esteem Issues, Fluff and Angst, Domestic Fluff, Smut"
44581630,The Courage To Live,bts,slow_burn,8254,13,128725,9902,260,20.0,https://archiveofourown.org/works/44581630,"Alpha/Beta/Omega Dynamics, Pack Dynamics, nature setting, Found Family, Shy Park Jimin (BTS), Omega Park Jimin (BTS), Alpha Jeon Jungkook, Jeon Jungkook is Whipped, Park Jimin-centric (BTS), side taegi, Side 2Seok, Alpha Kim Namjoon | RM, Alpha Kim Taehyung | V, Beta Kim Seokjin | Jin, Beta Jung Hoseok | J-Hope, Omega Min Yoongi | Suga, Sexual Self Discovery, Medical Trauma, Mating Cycles/In Heat, Pack Bonding, Shapeshifting, Hurt/Comfort, Fluff and Angst, First Love, Courting Rituals, Animal Death, Grief/Mourning, Sadness, Past Abuse, Past Violence, Slow Burn, Tenderness, Happy Ending, Starting Over, Pack Feels, Protective Jeon Jungkook, Jeon Jungkook is Good at Feelings, Working Out My Feelings Through Fic, Catharsis, Good Boy Park Jimin (BTS), Falling In Love, Insomnia, Nesting, Scenting, mentioned mpreg, Hunting, feral wolves, Bruises, Minor Injuries, Near Death Experiences, Wet Dream, Holding Hands, Masturbation, Kissing, Making Out, Semi-public hand jobs, Feral Behavior, Anal Fingering, Smut, Anal Sex, Oral Sex, Ass to Mouth, Self-Lubrication, Knotting, First Time, Loss of Virginity"
14535252,Never Be The Same,bts,slow_burn,8874,6,62056,10343,120,20.0,https://archiveofourown.org/works/14535252,"Alpha/Beta/Omega Dynamics, alpha!namjoon, omega!yoongi, Trope Subversion, accidental bond, slowburn, Friends to Lovers, Secret Relationship, Canon Compliant, Idol 'verse, Other: See Story Notes, Don’t copy to another site, Do not steal or re-post, Intersex Omegas, Do not use for AI training purposes, If you see this work posted or translated on another site it has been stolen"
15493242,you talk all that sweet talk,bts,fluff,16215,1,2031,2031,20,20.0,https://archiveofourown.org/works/15493242,"AU, Established Relationship, Married Couple, Doctor Kim Taehyung | V, Domestic Fluff"
9255236,Unwanted Butterflies,bts,fluff,16010,18,101264,5626,339,18.8,https://archiveofourown.org/works/9255236,"Smut, Office, hatetolove, enemiestolovers, jungkook is a rich playboy, Fuckbuddies, Office Sex, Rimming, Blowjobs, Kinky stuff, Name Calling, Handcuffs, Slow Burn, Bondage, Anal Sex, Family Issues, They work at the same company, Denial, a lot of denial, Sassy comments, A bit of comedy here and there, Angst, Fluff on the long run, Alternate Universe, A lot of vkook fighting, yoonmin, namjin - Freeform, Namjoon and Jimin are vkook shippers, A lot of angst I think, I'm Sorry, Love Hurts"
7443976,Black Cat,bts,fluff,12551,21,55709,2653,399,19.0,https://archiveofourown.org/works/7443976,"Alternate Universe - Soulmates, Body Swap, the rapper line are their own idol group, everyone has emotions, dancer!jimin, Yoongi Is Bad at Feelings, First Kiss, jimin and jin have deep conversations at 3am, Angst, but also fluff, A+ best friend Kim Taehyung, jungkook is a massive nerd, I always write when I'm half asleep"
7571629,"if i get in, i just might drown",bts,fluff,13747,1,12507,12507,20,20.0,https://archiveofourown.org/works/7571629,"Alternate Universe - Domestic, Established Relationship, Alpha/Beta/Omega Dynamics, Mating Cycles/In Heat, Rutting, Knotting, Self-Lubrication, Consensual Somnophilia, Breeding, Feminization, Consensual Non-Consent, Come Inflation, Rimming, Felching, Cum Play, Ass Play, Ass to Mouth, Fingerfucking, Anal Fingering, Anal Sex, Biting, Bruises, Marking, Dirty Talk, Public Sex, Scent Marking, Grinding, Rough Sex, Possessive Behavior, Come Eating, Come Swallowing, Come Marking, Intercrural Sex, Oral Sex, Face-Fucking, Face-Sitting, Wall Sex, Overstimulation, Multiple Orgasms, Dry Orgasm, Facials, Snowballing, Teasing, Nipple Play, Nipple Piercings, Butt Plugs, Aftercare, Fluff and Smut, Plot What Plot/Porn Without Plot, unrealistic amounts of cum"
32848051,gossamer in the light,bts,fluff,14244,4,43542,10886,80,20.0,https://archiveofourown.org/works/32848051,"Alternate Universe, Fake/Pretend Relationship, Fluff, Humor, No Angst, maybe a tiny bit if you squint really hard though, Office Party, Vacation, There Was Only One Bed, Strangers to Lovers, Self-Indulgent, Smut, Sexual Tension, Flirting, Drinking, jungkook is very hot in this one, but then again i guess he's very hot all the time, jimin is oblivious with a capital O, Slow Burn, it wasn't actually supposed to be slow burn but 40k later here we are, Happy Ending, exhibitionism sort of but not really, Dirty Talk"
12890085,(Maybe I Love You) We're Too Young For That,bts,fluff,19072,22,153417,6974,435,19.8,https://archiveofourown.org/works/12890085,"Enemies to Lovers, Alternate Universe, Idol Jeon Jungkook, Music Producer Taehyung, Fluff, Hate to Love, Angst, Slow Burn, Eventual Smut"
17387771,i glow pink in the night,bts,fluff,13634,1,19255,19255,20,20.0,https://archiveofourown.org/works/17387771,"Alternate Universe - College/University, Childhood Friends, Friends to Lovers, Fluff, Smut, Porn With Plot, Mutual Pining, Confessions, Unresolved Sexual Tension, Marking, Making Out, Pool Sex, Semi-Public Sex, Blow Jobs, Oral Sex, Dirty Talk, Anal Fingering, Fingerfucking, Teasing, Felching, Snowballing, Come Eating, Anal Sex, Barebacking, Rimming, Multiple Orgasms, Overstimulation, Dry Orgasm, Park Jimin Is A Cockslut, Jeon Jungkook Is a Public Safety Concern, Minor Kim Taehyung | V/Min Yoongi | Suga"
13352802,twenty-four,bts,fluff,15233,1,20246,20246,20,20.0,https://archiveofourown.org/works/13352802,"Alternate Universe - College/University, Handcuffed Together, Humor, Mutual Pining, Light Angst, very light dont be put off by that tag, Aggressive making out, no lizards were harmed in the writing of this fic, dont feed your lizard keys or gift cards this is extremely unrealistic, basically just yoongi suffering a lot, Fluff"
8899477,Hiraeth,bts,fluff,20623,5,100625,20125,100,20.0,https://archiveofourown.org/works/8899477,"taekook, yoonmin, but mostly taekook centric, a lot of manipulation on Jeongguk's part, Implied/Referenced Child Abuse, Implied/Referenced Cheating, Implied/Referenced Alcohol Abuse/Alcoholism, Implied/Referenced Drug Use, Implied/Referenced Self-Harm, Heavy Angst, but there's a lot of fluff in between, jeongguk is just trying to find himself, Mutual Pining, idk why i'm torturing taekook like this sorry, Smut, Blowjobs, Rimming, Switching, College AU, fratboy jeongguk, Mental Instability, Psychosis, Yoongi and Jimin are very caring and soft, A lot of yoonkook bonding, Yoongi just really cares abt Jeongguk, Alternate Universe - College/University, Diary of an Oxygen Thief Au, Taehyung has ADHD, Overdose"
20061220,Sunflower,bts,fluff,20447,22,96235,4374,440,20.0,https://archiveofourown.org/works/20061220,"Alpha/Beta/Omega Dynamics, Arranged Marriage, Businessman Yoongi, Alternate Universe - Mob, Hate to Love, Angst and Fluff and Smut, Kidnapping, Blood and Violence, Tattoos, Smoking, Post-Traumatic Stress Disorder - PTSD, Min Yoongi | Suga Being an Asshole, Jealousy, Scenting, Nesting, Sexual Tension, Depression, Minor Jeon Jungkook/Jung Hoseok | J-Hope, Past Character Death, Minor Character Death, mentions of mpreg, Oral Sex, Semi-Public Sex, Accidental Voyeurism, Exhibitionism, Dirty Talk, Face-Fucking, Hyung Kink, Praise Kink, Come Eating, Anal Fingering, Dry Humping, Masturbation, Mating Cycles/In Heat, Vibrators, Marathon Sex, Multiple Orgasms, Come Inflation, Somnophilia, Anal Fisting, Spanking, Other Additional Tags to Be Added, Aged-Up Character(s), Knotting, Self-Lubrication, Verbal Humiliation, Slut Shaming"
15766506,After Hours,bts,fluff,14529,5,53008,10602,100,20.0,https://archiveofourown.org/works/15766506,"Alternate Universe, Alpha/Beta/Omega Dynamics, Alpha Min Yoongi | Suga, Omega Park Jimin, Enemies to Lovers, kind of?, jimin is a little salty, Park Jimin Is Whipped, Park Jimin Is a Brat, Min Yoongi | Suga Is a Sweetheart, Min Yoongi | Suga is Whipped, Mating Cycles/In Heat, Scenting, Scent Marking, Fluff, Misunderstandings, Smut, Fucking, Anal Sex, Anal Fingering, Knotting, Rimming, Other Additional Tags to Be Added, Self-Lubrication, Angst, Park Jimin Is Bad at Feelings"
22120321,Best I Ever Heard,bts,fluff,13435,1,7935,7935,20,20.0,https://archiveofourown.org/works/22120321,"Jeon Jungkook & Park Jimin are Roommates, Plot What Plot/Porn Without Plot, Bottom Park Jimin (BTS), Top Jeon Jungkook, Dom/sub Undertones, Dirty Talk, Loud Sex, Barebacking, Spanking, Smut, Sub Park Jimin (BTS), Dom Jeon Jungkook, things escalate and they escalate quickly, Humor, Fluff, Getting Together"
13123932,(my heart beats) for you,bts,fluff,13173,4,18017,4504,80,20.0,https://archiveofourown.org/works/13123932,"Alternate Universe - High School, Jikook As Kids, Fluff, Tooth-Rotting Fluff, Jikook As Teenagers, First Kiss, Jikook as Adults, Smut, Eventual Smut, Rimming, Strength Kink, Muscle Kink, Anal Sex, Top Jeon Jungkook, Bottom Park Jimin, Anal Fingering, Hand Kink, Jeon Jungkook is Whipped, Jeon Jungkook is a Sweetheart, Park Jimin Is a Sweetheart, Strangers to Friends to Lovers, i don't know how to tag sorry, Bullied Park Jimin, Shy Park Jimin, Protective Jeon Jungkook, Wall Sex, Basically lots of fluff with some golden smut at the end, please give this a chance, the order of tags keeps getting rearraged im so sorry, adding some tags bc of the bonus chapter, Domestic Fluff, Jikook as Dads, jikook as parents"
3948544,Date Me,bts,fluff,12924,1,5475,5475,20,20.0,https://archiveofourown.org/works/3948544,"Alternate Universe - Coffee Shops & Cafés, because why not, Fluff and Fluff, attempted but fail crack, i dont really know what this is"
13590312,fever started long ago,bts,fluff,17468,1,22994,22994,20,20.0,https://archiveofourown.org/works/13590312,"Pining, Friends to Lovers, Smut, Fluff, Canon Compliant, but with magic?"
10992675,take me out (the date way or the assassination way),bts,fluff,13646,1,6838,6838,20,20.0,https://archiveofourown.org/works/10992675,"Fluff, Humor, Slice of Life, Romance, Pining, Pining Min Yoongi | Suga, lots of texting, yoongi is Dramatic, Alternate Universe - College/University, its a game of Guess Jungkooks Major because somehow hes out there doing everything, this is like 80 percent yoongi pining, 15 percent his friends being simultaneously the best and the Worst, 5 percent jungkook being extra"
8703880,Cinnamon Crisp,bts,fluff,16978,1,21598,21598,20,20.0,https://archiveofourown.org/works/8703880,"Alternate Universe - College/University, Alternate Universe - A/B/O, Alpha/Beta/Omega Dynamics, Non-Traditional Alpha/Beta/Omega Dynamics, Friends to Lovers, Slow Burn, Fluff, Fluff everywhere, Light Angst, Cuddling, sharing of clothes, Heats, heat care, no heat sex, taekook are so soft in this, Everything is soft"
23128537,Fold It Up Like Origami,bts,fluff,15184,6,98757,16460,120,20.0,https://archiveofourown.org/works/23128537,"Model Park Jimin (BTS), Gamer Jeon Jungkook, Switch Jeon Jungkook, Switch Park Jimin (BTS), Power Bottom Park Jimin (BTS), Power Bottom Jeon Jungkook, Strangers to Lovers, Secret Relationship, Jeon Jungkook is Whipped, Park Jimin (BTS) is Whipped, Jeon Jungkook is a Sweetheart, Shy Jeon Jungkook, Park Jimin (BTS) is a Little Shit, Jeon Jungkook is Bad at Feelings, Park Jimin (BTS) is Bad At Feelings, jfc they're both whipped and bad at feelings so you know it's gonna be a mess bye, Angst and Fluff and Smut, Explicit Sexual Content, Long-Distance Relationship, Falling In Love, side Vmon/Taejoon because ugh yes please, side Yoonjin because another big yes from me, Model Kim Taehyung | V, Photographer Kim Namjoon | RM, Hoseok is Jimin's publicist bc BFFs, Yoongi and Seokjin are gamers, Yeji is a gamer and a badass bye, these tags are a fucking mess, Tags Contain Spoilers, Tags Are Hard, really fucking hard I'm done, just kidding need to add the Happy Ending tag, Anxiety Attacks, Social Anxiety"
14354460,A Dance of Poppies,bts,fluff,14327,1,32705,32705,20,20.0,https://archiveofourown.org/works/14354460,"yoonmin, Romance, Alpha/Beta/Omega Dynamics, Alpha/Omega, Friends to Lovers, time jumps, One Shot, Mates, Mating Rituals, Mating Cycles/In Heat, Mating Bites, Mpreg, alpha!yoongi, omega!jimin, Fluff, Fluff and Smut, First Kiss, First Time, Love Confessions, Slow Build, Min Yoongi | Suga & Park Jimin are Best Friends, Domestic Fluff, Requited Love, Courtship, Smut, Heat Sex, Rimming, Anal Fingering, Anal Sex, Scent Marking, Scent Kink, Come Inflation, Exhibitionism, Semi-Public Sex, Breeding Kink, Knotting, Underage Masturbation, but its very quick and glossed over, Tooth-Rotting Fluff, SO MUCH FLUFF, they are so whipped for each other, the mpreg is very brief and doesn't go into detail, it can be skimmed over if it makes anyone uncomfortable, all smut takes place after both yoongi and jimin are of age, No Underage Sex"
10638657,take me out (we're going down),bts,fluff,14227,1,20183,20183,20,20.0,https://archiveofourown.org/works/10638657,"Injury, Sugar Daddy, Sort Of, Car Accidents, no one is seriously harmed, Fluff, Humor, Asexual Character, Alternate Universe - College/University, yoongi's rolex, side vmin - Freeform"
12285273,Give it to me Slow (Then Wash Away),bts,fluff,14787,1,33356,33356,20,20.0,https://archiveofourown.org/works/12285273,"Vampires, Alternate Universe - Vampire, Vampire Min Yoongi | Suga, Blood Drinking, blood prostitute Jimin, is that a thing? it is now, Smut, Fluff, Fluff and Smut, Light Angst, Violence, Blood, Coming Untouched, Barebacking, Anal Sex, Slow Burn, Jimin has kinks, YFR-Fantasy Bingo, Yoonmin fantasy bingo, Top Min Yoongi | Suga, Bottom Park Jimin"
32720182,Two Can Play That Game,bts,fluff,21686,4,48933,12233,80,20.0,https://archiveofourown.org/works/32720182,"Teacher Park Jimin (BTS), Personal Trainer Jeon Jungkook, Single Parent Jeon Jungkook, Jungkook is a literal dad, with a 7yo daughter, DILF Jeon Jungkook, me giggling tagging that but wow it's true ok goodbye, Original Character(s), Explicit Sexual Content, Strangers to Lovers, Fluff and Humor, Falling In Love, the author has once again injected her own terrible sense of humor, The Author Regrets Nothing"
12568164,"Love, I have Wounds",bts,fluff,19028,4,79626,19906,80,20.0,https://archiveofourown.org/works/12568164,"Alternate Universe - College/University, Artist Kim Taehyung | V, Photographer Jeon Jungkook, side relationship, Smut, Fluff and Angst, Fluff and Smut, Angst, Fluff, Semi-Public Sex, Anal Sex, Power Bottom Kim Taehyung | V, Top Jeon Jungkook, Bottom Jeon Jungkook, Top Kim Taehyung | V, Switching, Loneliness, Depression, Angst and Humor, Friends With Benefits, Friends to Lovers, Rough Sex, Hand Jobs, Other Additional Tags to Be Added, Implied/Referenced Cheating, not between main characters, Rimming, Smoking, Art, Photography, Panic Attacks, Face-Sitting, Overstimulation, Multiple Orgasms, Wall Sex"
18350978,make it taste like love,bts,fluff,14601,15,158395,10560,299,19.9,https://archiveofourown.org/works/18350978,"ABO, Alpha Jeon Jungkook, Alpha Kim Taehyung, Omega Park Jimin, Alpha Min Yoongi, College, Love, Hate to Love, Misunderstandings, Fighting, Magic, Petty Kim Taehyung, Sex, Angry Sex, Blowjobs, Rimming, Anal Sex, Angst, Fluff, Angst with a Happy Ending, Omega Kim Taehyung | V, Soulmates, Soulmate AU, Drug Use, Beta Jung Hoseok | J-Hope, Warlock Kim Seokjin | Jin, Alpha Kim Namjoon | RM, Partying, Alcohol, College AU, Denial, Slow Burn, Non-Consensual Drug Use, Vampires, Fairies, Enemies to Friends to Lovers, yoonminseok - Freeform, Sexual Tension, really slow burn, Cliffhangers in every chapter ha ha, Love Triangle, Eventual Overlysweet Fluff, Polyamory, Dom/sub Undertones, Submission, Bottom Kim Taehyung | V, Top Jeon Jungkook, It Has Mistakes"
8910193,Hercules,bts,fluff,19988,1,11585,11585,20,20.0,https://archiveofourown.org/works/8910193,"Top Jeon Jungkook, Bottom Kim Taehyung | V, Strength Kink, Muscles, Pretty Tae, Panties, Overstimulation, Multiple Orgasms, Prostate Massage, Riding, Fluff, Implied/Referenced Homophobia, Teasing, Light Masochism, Praise Kink, Kink Negotiation, Wall Sex, Manhandling"
21159851,Walking Through a World Gone Blind,bts,fluff,14315,6,68578,11430,120,20.0,https://archiveofourown.org/works/21159851,"Fluff and Smut, Truly Just Straight Up Fluff and Smut Folks, Light Angst, Top Jeon Jungkook, Bottom Park Jimin (BTS), Light BDSM, Lawyers, Romance, Strangers to Lovers, Alternate Universe, Emotions, Light Bondage, Light Dom/sub, Disability, Warm and Fuzzy Feelings, side Taegi because I can't help myself, side mention of a threesome because I have no self control, Oral Sex, Anal Sex, Small Top/Bottom Switching Moment, Blind Character, Disabled Character, Blindness"
12905247,15.30 - Appointment: Kim Taehyung for Jeon Jeongguk (genital piercing),bts,fluff,13845,3,19847,6616,60,20.0,https://archiveofourown.org/works/12905247,"Piercings, Genital Piercing, Cock Piercing, Nipple Piercings, Ear Piercings, play piercing bing y'all lol, Alternate Universe - Tattoo Parlor, Tattoo Artist Jeon Jungkook, piercer jeon jungkook, Fluff, Fluff and Humor, Drinking, Clubbing, Mild Blood, Park Jimin Is a Good Friend, Kim Taehyung | V & Park Jimin are Best Friends, Kim Taehyung | V is a Sweetheart, Kim Taehyung | V is a Little Shit, Smut, Fluff and Smut, Improper use of memes, Bad Flirting"
18460832,Wherever you are (I’ll go back to you),bts,fluff,15951,13,90992,6999,253,19.5,https://archiveofourown.org/works/18460832,"Alternate Universe - Shapeshifters, Alpha/Beta/Omega Dynamics, Mermaids, Omega Kim Taehyung | V, Alpha Jeon Jungkook, Beta Park Jimin, Alpha Min Yoongi | Suga, Alpha Kim Namjoon | RM, Omega Kim Seokjin | Jin, Mermaid Jung Hoseok, Slow Burn, Hate to Love, ish?, More Like Dislike to Love, Pining, Angst, Fluff, Protective Jeon Jungkook, Oblivious Kim Taehyung | V, Minor Character Death, Anal Sex, Knotting, Scent Marking, Smut, Cock Warming, Dom/sub Undertones, Mating, Mating Bites, Mpreg"
5612881,"I know I'll fall in love with you, baby",bts,fluff,15536,5,31633,6327,100,20.0,https://archiveofourown.org/works/5612881,"Alternate Universe - Soulmates, Swearing, Fanboy AU, Rapper Yoongi, Fanboy Jungkook, Fluff and Angst"
11193654,Fall Asleep (Fall For You),bts,fluff,40744,22,149993,6818,440,20.0,https://archiveofourown.org/works/11193654,"taekook-centric, side yoonmin, Alternate Universe - College/University, Mental Health Issues, Insomnia, Anxiety, Alternate Universe - Roommates/Housemates, Fluff and Smut, Angst, but it's not that bad, Hate to Love, Enemies to Friends to Lovers, Eventual Smut, Blow Jobs, Anal Sex, Taehyung plays the saxophone, Jungkook dances, Jeon Jungkook is Bad at Feelings, and is a bit of a dick, Taehyung worries too much, Kim Taehyung | V & Park Jimin are Best Friends, Jeon Jungkook & Min Yoongi | Suga are Best Friends, Hair Kink, Slow Burn"
